,height,weight,bmi,url
0,203,82,19.9,https://height-weight-chart.com/l/608-180_Dan_L1.jpg
1,203,109,26.45,https://height-weight-chart.com/l/608-240_Chris_L1.jpg
2,203,118,28.63,https://height-weight-chart.com/l/608-260_Michael_L1.jpg
3,203,118,28.63,https://height-weight-chart.com/l/608-260_Michael_L2.jpg
4,211,222,49.86,https://height-weight-chart.com/l/611-490_Xavier_L1.jpg
5,201,77,19.06,https://height-weight-chart.com/l/607-170_Lincoln_L1.jpg
6,201,95,23.51,https://height-weight-chart.com/l/607-210_Allan_L1.jpg
7,201,136,33.66,https://height-weight-chart.com/l/607-300_Georffrey_L1.jpg
8,198,82,20.92,https://height-weight-chart.com/l/606-185_Joshua_L1.jpg
9,198,82,20.92,https://height-weight-chart.com/l/606-185_Joshua_L2.jpg
10,198,95,24.23,https://height-weight-chart.com/l/606-210_Kris_L1.jpg
11,198,100,25.51,https://height-weight-chart.com/l/606-220_Cameron_L1.jpg
12,198,104,26.53,https://height-weight-chart.com/l/606-230_John_L1.jpg
13,198,109,27.8,https://height-weight-chart.com/l/606-240_Kenny_L1.jpg
14,198,113,28.82,https://height-weight-chart.com/l/606-250_Dale_L1.jpg
15,198,118,30.1,https://height-weight-chart.com/l/606-260_Cees_L1.jpg
16,198,132,33.67,https://height-weight-chart.com/l/606-290_Jesse_L1.jpg
17,198,150,38.26,https://height-weight-chart.com/l/606-335_SteveT_L1.jpg
18,198,150,38.26,https://height-weight-chart.com/l/606-335_SteveT_L2.jpg
19,198,168,42.85,https://height-weight-chart.com/l/606-370_Vance_L1.jpg
20,198,172,43.87,https://height-weight-chart.com/l/606-380_Michael_L1.jpg
21,196,64,16.66,https://height-weight-chart.com/l/605-140_Wolf_L1.jpg
22,196,68,17.7,https://height-weight-chart.com/l/605-150_Sam_L1.jpg
23,196,77,20.04,https://height-weight-chart.com/l/605-173_Brock_L1.jpg
24,196,82,21.35,https://height-weight-chart.com/l/605-180_Hartley_L1.jpg
25,196,91,23.69,https://height-weight-chart.com/l/605-200_DW_L1.jpg
26,196,95,24.73,https://height-weight-chart.com/l/605-210_Rick_L1.jpg
27,196,95,24.73,https://height-weight-chart.com/l/605-210_Rick_L2.jpg
28,196,100,26.03,https://height-weight-chart.com/l/605-220_John_L1.jpg
29,196,100,26.03,https://height-weight-chart.com/l/605-220_Tyler_L1.jpg
30,196,100,26.03,https://height-weight-chart.com/l/605-220_Jeroen_L1.jpg
31,196,104,27.07,https://height-weight-chart.com/l/605-230_Jeremy_L1.jpg
32,196,104,27.07,https://height-weight-chart.com/l/605-230_Dave_L1.jpg
33,196,109,28.37,https://height-weight-chart.com/l/605-240_Jesse_L1.jpg
34,196,113,29.41,https://height-weight-chart.com/l/605-250_Cody_L1.jpg
35,196,118,30.72,https://height-weight-chart.com/l/605-260_Drew_L1.jpg
36,196,122,31.76,https://height-weight-chart.com/l/605-270_Pete_L1.jpg
37,196,127,33.06,https://height-weight-chart.com/l/605-280_George_L1.jpg
38,196,127,33.06,https://height-weight-chart.com/l/605-280_George_L2.jpg
39,196,127,33.06,https://height-weight-chart.com/l/605-280_George_L3.jpg
40,196,127,33.06,https://height-weight-chart.com/l/605-280_George_L4.jpg
41,196,127,33.06,https://height-weight-chart.com/l/605-280_George_L5.jpg
42,196,127,33.06,https://height-weight-chart.com/l/605-280_George_L6.jpg
43,196,136,35.4,https://height-weight-chart.com/l/605-300_Ben_L1.jpg
44,193,54,14.5,https://height-weight-chart.com/l/604-120_Thomas_L1.jpg
45,193,64,17.18,https://height-weight-chart.com/l/604-140_WJM_L1.jpg
46,193,68,18.26,https://height-weight-chart.com/l/604-155_karsten_L1.jpg
47,193,68,18.26,https://height-weight-chart.com/l/604-155_karsten_L2.jpg
48,193,73,19.6,https://height-weight-chart.com/l/604-160_Meredith_L1.jpg
49,193,73,19.6,https://height-weight-chart.com/l/604-160_Meredith_L2.jpg
50,193,77,20.67,https://height-weight-chart.com/l/604-170_Jason_L1.jpg
51,193,77,20.67,https://height-weight-chart.com/l/604-170_Jason_L2.jpg
52,193,82,22.01,https://height-weight-chart.com/l/604-180_Matt_L1.jpg
53,193,86,23.09,https://height-weight-chart.com/l/604-190_Mike_L1.jpg
54,193,86,23.09,https://height-weight-chart.com/l/604-190_Nathaniel_L2.jpg
55,193,86,23.09,https://height-weight-chart.com/l/604-190_Nathaniel_L1.jpg
56,193,91,24.43,https://height-weight-chart.com/l/604-200_Jeff_L1.jpg
57,193,95,25.5,https://height-weight-chart.com/l/604-210_Michael_L1.jpg
58,193,95,25.5,https://height-weight-chart.com/l/604-210_Andrew_L1.jpg
59,193,95,25.5,https://height-weight-chart.com/l/604-210_Bralynn_L1.jpg
60,193,95,25.5,https://height-weight-chart.com/l/604-210_Daniel_L1.jpg
61,193,95,25.5,https://height-weight-chart.com/l/604-210_Ryan_L1.jpg
62,193,100,26.85,https://height-weight-chart.com/l/604-220_Dan_L1.jpg
63,193,104,27.92,https://height-weight-chart.com/l/604-230_Kevin_L1.jpg
64,193,109,29.26,https://height-weight-chart.com/l/604-240_Jeffrey_L1.jpg
65,193,113,30.34,https://height-weight-chart.com/l/604-250_Adam_L1.jpg
66,193,118,31.68,https://height-weight-chart.com/l/604-260_Arjen_L1.jpg
67,193,118,31.68,https://height-weight-chart.com/l/604-260_Wovercast_L1.jpg
68,193,118,31.68,https://height-weight-chart.com/l/604-260_John_L1.jpg
69,193,122,32.75,https://height-weight-chart.com/l/604-270_Eddie_L1.jpg
70,193,127,34.09,https://height-weight-chart.com/l/604-280_Dan_L1.jpg
71,193,132,35.44,https://height-weight-chart.com/l/604-290_Alex_L1.jpg
72,193,132,35.44,https://height-weight-chart.com/l/604-290_Alex_L2.jpg
73,193,145,38.93,https://height-weight-chart.com/l/604-320_Dan_L1.jpg
74,193,236,63.36,https://height-weight-chart.com/l/604-520_Seven_L1.jpg
75,191,64,17.54,https://height-weight-chart.com/l/603-140_NickSO_L1.jpg
76,191,68,18.64,https://height-weight-chart.com/l/603-150_Mdoucet_L1.jpg
77,191,68,18.64,https://height-weight-chart.com/l/603-150_Mdoucet_L2.jpg
78,191,73,20.01,https://height-weight-chart.com/l/603-160_Ben_L1.jpg
79,191,73,20.01,https://height-weight-chart.com/l/603-160_Dustin_L1.jpg
80,191,73,20.01,https://height-weight-chart.com/l/603-160_Kyle_L1.jpg
81,191,77,21.11,https://height-weight-chart.com/l/603-170_SuperDave_L1.jpg
82,191,77,21.11,https://height-weight-chart.com/l/603-170_SuperDave_L2.jpg
83,191,82,22.48,https://height-weight-chart.com/l/603-180_Russ_L1.jpg
84,191,86,23.57,https://height-weight-chart.com/l/603-190_Clinton_L1.jpg
85,191,86,23.57,https://height-weight-chart.com/l/603-190_James_L1.jpg
86,191,91,24.94,https://height-weight-chart.com/l/603-200_Peter_L1.jpg
87,191,91,24.94,https://height-weight-chart.com/l/603-200_Gary_L1.jpg
88,191,91,24.94,https://height-weight-chart.com/l/603-200_Timothy_L1.jpg
89,191,95,26.04,https://height-weight-chart.com/l/603-210_Maxwell_L1.jpg
90,191,100,27.41,https://height-weight-chart.com/l/603-220_Ben_L1.jpg
91,191,100,27.41,https://height-weight-chart.com/l/603-220_Ben_L2.jpg
92,191,104,28.51,https://height-weight-chart.com/l/603-230_Jason_L1.jpg
93,191,109,29.88,https://height-weight-chart.com/l/603-240_Nate_L1.jpg
94,191,109,29.88,https://height-weight-chart.com/l/603-240_Don_L1.jpg
95,191,109,29.88,https://height-weight-chart.com/l/603-240_Don_L2.jpg
96,191,109,29.88,https://height-weight-chart.com/l/603-240_David_L1.jpg
97,191,109,29.88,https://height-weight-chart.com/l/603-240_A929_L1.jpg
98,191,113,30.98,https://height-weight-chart.com/l/603-250_William_L1.jpg
99,191,118,32.35,https://height-weight-chart.com/l/603-260_Stuart_L1.jpg
100,191,141,38.65,https://height-weight-chart.com/l/603-310_Xavier_L1.jpg
101,191,141,38.65,https://height-weight-chart.com/l/603-310_Xavier_L2.jpg
102,191,145,39.75,https://height-weight-chart.com/l/603-320_John_L1.jpg
103,191,145,39.75,https://height-weight-chart.com/l/603-320_John2_L1.jpg
104,191,145,39.75,https://height-weight-chart.com/l/603-320_John2_L2.jpg
105,191,159,43.58,https://height-weight-chart.com/l/603-350_Matt_L1.jpg
106,188,59,16.69,https://height-weight-chart.com/l/602-130_Tim_L1.jpg
107,188,64,18.11,https://height-weight-chart.com/l/602-140_Josh_L1.jpg
108,188,64,18.11,https://height-weight-chart.com/l/602-140_Josh2_L1.jpg
109,188,68,19.24,https://height-weight-chart.com/l/602-150_Randy_L1.jpg
110,188,73,20.65,https://height-weight-chart.com/l/602-160_kieth_L1.jpg
111,188,77,21.79,https://height-weight-chart.com/l/602-160_Benjamin_L1.jpg
112,188,82,23.2,https://height-weight-chart.com/l/602-180_Erik_L1.jpg
113,188,86,24.33,https://height-weight-chart.com/l/602-190_Aric_L1.jpg
114,188,91,25.75,https://height-weight-chart.com/l/602-200_Cory_L1.jpg
115,188,91,25.75,https://height-weight-chart.com/l/602-200_Kurt_L1.jpg
116,188,91,25.75,https://height-weight-chart.com/l/602-200_Kurt_L2.jpg
117,188,91,25.75,https://height-weight-chart.com/l/602-200_Kurt_L3.jpg
118,188,95,26.88,https://height-weight-chart.com/l/602-210_Ian_L1.jpg
119,188,100,28.29,https://height-weight-chart.com/l/602-220_Dave_L1.jpg
120,188,100,28.29,https://height-weight-chart.com/l/602-220_Abagail_L1.jpg
121,188,100,28.29,https://height-weight-chart.com/l/602-220_Abagail_L2.jpg
122,188,100,28.29,https://height-weight-chart.com/l/602-220_Pamela_L1.jpg
123,188,104,29.43,https://height-weight-chart.com/l/602-230_Rick_L1.jpg
124,188,109,30.84,https://height-weight-chart.com/l/602-240_Nick_L1.jpg
125,188,109,30.84,https://height-weight-chart.com/l/602-240_Nick_L2.jpg
126,188,113,31.97,https://height-weight-chart.com/l/602-250_Jarold_L1.jpg
127,188,113,31.97,https://height-weight-chart.com/l/602-250_Stephan_L1.jpg
128,188,122,34.52,https://height-weight-chart.com/l/602-270_Rich_L1.jpg
129,188,132,37.35,https://height-weight-chart.com/l/602-290_DBarber_L1.jpg
130,188,218,61.68,https://height-weight-chart.com/l/602-480_Pancholin_L1.jpg
131,185,59,17.24,https://height-weight-chart.com/l/601-130_Rebecca_L1.jpg
132,185,59,17.24,https://height-weight-chart.com/l/601-130_Rebecca_L2.jpg
133,185,64,18.7,https://height-weight-chart.com/l/601-140_T_L1.jpg
134,185,68,19.87,https://height-weight-chart.com/l/601-150_Justin_L1.jpg
135,185,68,19.87,https://height-weight-chart.com/l/601-150_Justin_L2.jpg
136,185,73,21.33,https://height-weight-chart.com/l/601-160_Will_L1.jpg
137,185,73,21.33,https://height-weight-chart.com/l/601-160_Albin_L1.jpg
138,185,73,21.33,https://height-weight-chart.com/l/601-160_Liz_L1.jpg
139,185,77,22.5,https://height-weight-chart.com/l/601-170_Rob_L1.jpg
140,185,77,22.5,https://height-weight-chart.com/l/601-170_Rob_L2.jpg
141,185,77,22.5,https://height-weight-chart.com/l/601-170_Brandon_L1.jpg
142,185,77,22.5,https://height-weight-chart.com/l/601-170_Charles_L1.jpg
143,185,82,23.96,https://height-weight-chart.com/l/601-180_Clint_L1.jpg
144,185,82,23.96,https://height-weight-chart.com/l/601-180_Clint_L2.jpg
145,185,82,23.96,https://height-weight-chart.com/l/601-180_Michael_L2.jpg
146,185,82,23.96,https://height-weight-chart.com/l/601-180_Michael_L3.jpg
147,185,82,23.96,https://height-weight-chart.com/l/601-180_Michael_L1.jpg
148,185,86,25.13,https://height-weight-chart.com/l/601-190_Gilbert_L1.jpg
149,185,86,25.13,https://height-weight-chart.com/l/601-190_Bill_L1.jpg
150,185,86,25.13,https://height-weight-chart.com/l/601-190_Robert_L1.jpg
151,185,86,25.13,https://height-weight-chart.com/l/601-190_Robert_L2.jpg
152,185,86,25.13,https://height-weight-chart.com/l/601-190_Koss_L1.jpg
153,185,91,26.59,https://height-weight-chart.com/l/601-200_MikeDevine_L1.jpg
154,185,91,26.59,https://height-weight-chart.com/l/601-200_DaveBauchelle_l1.jpg
155,185,95,27.76,https://height-weight-chart.com/l/601-210_cecil_L1.jpg
156,185,100,29.22,https://height-weight-chart.com/l/601-220_Chad_L1.jpg
157,185,100,29.22,https://height-weight-chart.com/l/601-220_Chad_L2.jpg
158,185,100,29.22,https://height-weight-chart.com/l/601-220_Chad_L3.jpg
159,185,100,29.22,https://height-weight-chart.com/l/601-230_Mike_L1.jpg
160,185,100,29.22,https://height-weight-chart.com/l/601-230_Mike_L2.jpg
161,185,104,30.39,https://height-weight-chart.com/l/601-236_Arnie_L1.jpg
162,185,109,31.85,https://height-weight-chart.com/l/601-240_Cauley_L1.jpg
163,185,113,33.02,https://height-weight-chart.com/l/601-250_Luke_L1.jpg
164,185,118,34.48,https://height-weight-chart.com/l/601-260_Eddie_L1.jpg
165,185,118,34.48,https://height-weight-chart.com/l/601-260_Eddie_L2.jpg
166,185,118,34.48,https://height-weight-chart.com/l/601-260_Pat_L1.jpg
167,185,122,35.65,https://height-weight-chart.com/l/601-270_Jaime_L1.jpg
168,185,127,37.11,https://height-weight-chart.com/l/601-280_Neil_L1.jpg
169,185,132,38.57,https://height-weight-chart.com/l/601-290_Jon_L1.jpg
170,185,136,39.74,https://height-weight-chart.com/l/601-300_Dan_L1.jpg
171,185,136,39.74,https://height-weight-chart.com/l/601-300_Jaime_L1.jpg
172,185,141,41.2,https://height-weight-chart.com/l/601-310_Jaime_L1.jpg
173,185,145,42.37,https://height-weight-chart.com/l/601-320_chuck_L1.jpg
174,185,172,50.26,https://height-weight-chart.com/l/601-380_Cassandra_L1.jpg
175,183,54,16.12,https://height-weight-chart.com/l/600-120_Eric_L1.jpg
176,183,54,16.12,https://height-weight-chart.com/l/600-120_Eric_L2.jpg
177,183,59,17.62,https://height-weight-chart.com/l/600-130_Ryan3_L2.jpg
178,183,59,17.62,https://height-weight-chart.com/l/600-130_Ryan_L2.jpg
179,183,64,19.11,https://height-weight-chart.com/l/600-140_Oliver_L2.jpg
180,183,68,20.31,https://height-weight-chart.com/l/600-150_Gabor_L1.jpg
181,183,73,21.8,https://height-weight-chart.com/l/600-160_Jared_L1.jpg
182,183,73,21.8,https://height-weight-chart.com/l/600-160_Jade_L1.jpg
183,183,77,22.99,https://height-weight-chart.com/l/600-170_Josh_L1.jpg
184,183,77,22.99,https://height-weight-chart.com/l/600-170_Renee_L1.jpg
185,183,77,22.99,https://height-weight-chart.com/l/600-170_MikeHornets_L1.jpg
186,183,77,22.99,https://height-weight-chart.com/l/600-170_Dee_L1.jpg
187,183,77,22.99,https://height-weight-chart.com/l/600-170_Dee_L2.jpg
188,183,82,24.49,https://height-weight-chart.com/l/600-180_Mark_L1.jpg
189,183,82,24.49,https://height-weight-chart.com/l/600-180_Mark_L2.jpg
190,183,82,24.49,https://height-weight-chart.com/l/600-180_Billy_L1.jpg
191,183,82,24.49,https://height-weight-chart.com/l/600-180_Billy_L2.jpg
192,183,82,24.49,https://height-weight-chart.com/l/600-180_Billy_L3.jpg
193,183,82,24.49,https://height-weight-chart.com/l/600-180_917_L1.jpg
194,183,86,25.68,https://height-weight-chart.com/l/600-190_brittany_L1.jpg
195,183,86,25.68,https://height-weight-chart.com/l/600-190_Matthijs_L1.jpg
196,183,86,25.68,https://height-weight-chart.com/l/600-190_Steve_L1.jpg
197,183,91,27.17,https://height-weight-chart.com/l/600-200_Mike_L1.jpg
198,183,91,27.17,https://height-weight-chart.com/l/600-200_Charley_L1.jpg
199,183,91,27.17,https://height-weight-chart.com/l/600-200_Violet_L1.jpg
200,183,91,27.17,https://height-weight-chart.com/l/600-200_Zachary_L1.jpg
201,183,91,27.17,https://height-weight-chart.com/l/600-200_Zachary_L2.jpg
202,183,95,28.37,https://height-weight-chart.com/l/600-210_Greg_L1.jpg
203,183,95,28.37,https://height-weight-chart.com/l/600-210_Greg_L2.jpg
204,183,95,28.37,https://height-weight-chart.com/l/600-210_Glen_L1.jpg
205,183,100,29.86,https://height-weight-chart.com/l/600-220_Michael_L1.jpg
206,183,100,29.86,https://height-weight-chart.com/l/600-220_John_L1.jpg
207,183,104,31.05,https://height-weight-chart.com/l/600-230_Dylan_L1.jpg
208,183,104,31.05,https://height-weight-chart.com/l/600-230_James_L2.jpg
209,183,104,31.05,https://height-weight-chart.com/l/600-230_James_L1.jpg
210,183,104,31.05,https://height-weight-chart.com/l/600-230_John_L1.jpg
211,183,109,32.55,https://height-weight-chart.com/l/600-240_Andrew_L1.jpg
212,183,109,32.55,https://height-weight-chart.com/l/600-240_stacey_L1.jpg
213,183,109,32.55,https://height-weight-chart.com/l/600-243_Stacey_L2.jpg.jpg
214,183,109,32.55,https://height-weight-chart.com/l/600-240_Victoria_L1.jpg
215,183,109,32.55,https://height-weight-chart.com/l/600-240_Victoria_L2.jpg
216,183,113,33.74,https://height-weight-chart.com/l/600-250_Steve_L1.jpg
217,183,113,33.74,https://height-weight-chart.com/l/600-250_Risto_L1.jpg
218,183,118,35.24,https://height-weight-chart.com/l/600-260_Marvin_L1.jpg
219,183,122,36.43,https://height-weight-chart.com/l/600-270_Michael_L1.jpg
220,183,122,36.43,https://height-weight-chart.com/l/600-270_Michael_L2.jpg
221,183,122,36.43,https://height-weight-chart.com/l/600-270_Shayla_L1.jpg
222,183,127,37.92,https://height-weight-chart.com/l/600-280_Zech_L1.jpg
223,183,132,39.42,https://height-weight-chart.com/l/600-290_Drew_L1.jpg
224,183,136,40.61,https://height-weight-chart.com/l/600-300_Leesa_L1.jpg
225,183,141,42.1,https://height-weight-chart.com/l/600-310_Brian_L1.jpg
226,183,145,43.3,https://height-weight-chart.com/l/600-320_Michael_L1.jpg
227,183,145,43.3,https://height-weight-chart.com/l/600-320_Michael_L2.jpg
228,183,145,43.3,https://height-weight-chart.com/l/600-320_Michael_L3.jpg
229,183,150,44.79,https://height-weight-chart.com/l/600-330_David_L1.jpg
230,183,154,45.99,https://height-weight-chart.com/l/600-340_Irfon_L1.jpg
231,183,159,47.48,https://height-weight-chart.com/l/600-350_David_L1.jpg
232,183,177,52.85,https://height-weight-chart.com/l/600-390_David_L1.jpg
233,180,50,15.43,https://height-weight-chart.com/l/511-110_Anna_L1.jpg
234,180,54,16.67,https://height-weight-chart.com/l/511-120_Kurt_L1.jpg
235,180,59,18.21,https://height-weight-chart.com/l/511-130_Nick_L1.jpg
236,180,59,18.21,https://height-weight-chart.com/l/511-130_Seth_L1.jpg
237,180,59,18.21,https://height-weight-chart.com/l/511-130_Tiffany_L1.jpg
238,180,59,18.21,https://height-weight-chart.com/l/511-130_Stephanie_L1.jpg
239,180,59,18.21,https://height-weight-chart.com/l/511-130_Stephanie_L2.jpg
240,180,59,18.21,https://height-weight-chart.com/l/511-130_Stephanie_L3.jpg
241,180,64,19.75,https://height-weight-chart.com/l/511-140_Jake_L1.jpg
242,180,64,19.75,https://height-weight-chart.com/l/511-140_Stephanie_L1.jpg
243,180,68,20.99,https://height-weight-chart.com/l/511-150_Garry_L1.jpg
244,180,68,20.99,https://height-weight-chart.com/l/511-150_Andrea_L1.jpg
245,180,73,22.53,https://height-weight-chart.com/l/511-160_Stephen_L1.jpg
246,180,73,22.53,https://height-weight-chart.com/l/511-160_Stephen_L2.jpg
247,180,73,22.53,https://height-weight-chart.com/l/511-160_DJWalker_L1.jpg
248,180,73,22.53,https://height-weight-chart.com/l/511-160_Kaley_L1.jpg
249,180,77,23.77,https://height-weight-chart.com/l/511-170_Stephen_L1.jpg
250,180,77,23.77,https://height-weight-chart.com/l/511-170_Stephen_L2.jpg
251,180,77,23.77,https://height-weight-chart.com/l/511-170_Will_L1.jpg
252,180,77,23.77,https://height-weight-chart.com/l/511-170_SC_L1.jpg
253,180,82,25.31,https://height-weight-chart.com/l/511-180_SteveW_L1.jpg
254,180,82,25.31,https://height-weight-chart.com/l/511-180_allen_L1.jpg
255,180,82,25.31,https://height-weight-chart.com/l/511-180_Anna_L1.jpg
256,180,82,25.31,https://height-weight-chart.com/l/511-180_CFoster_L1.jpg
257,180,82,25.31,https://height-weight-chart.com/l/511-180_Ant_L1.jpg
258,180,82,25.31,https://height-weight-chart.com/l/511-180_Ant_L2.jpg
259,180,82,25.31,https://height-weight-chart.com/l/511-180_Alex_L1.jpg
260,180,82,25.31,https://height-weight-chart.com/l/511-180_Nick_L1.jpg
261,180,82,25.31,https://height-weight-chart.com/l/511-180_DarienK_L1.jpg
262,180,82,25.31,https://height-weight-chart.com/l/511-180_DarienK_L2.jpg
263,180,82,25.31,https://height-weight-chart.com/l/511-180_Greg_L1.jpg
264,180,82,25.31,https://height-weight-chart.com/l/511-180_Douglas_L1.jpg
265,180,82,25.31,https://height-weight-chart.com/l/511-180_Brad_L1.jpg
266,180,82,25.31,https://height-weight-chart.com/l/511-180_Brad_L2.jpg
267,180,82,25.31,https://height-weight-chart.com/l/511-180_Karen_L1.jpg
268,180,82,25.31,https://height-weight-chart.com/l/511-180_Nik_L1.jpg
269,180,82,25.31,https://height-weight-chart.com/l/511-180_Aaron_L1.jpg
270,180,82,25.31,https://height-weight-chart.com/l/511-180_Pascal_L1.jpg
271,180,82,25.31,https://height-weight-chart.com/l/511-180_Jeffrey_L1.jpg
272,180,82,25.31,https://height-weight-chart.com/l/511-180_Jeffrey_L2.jpg
273,180,82,25.31,https://height-weight-chart.com/l/511-180_Good_L1.jpg
274,180,82,25.31,https://height-weight-chart.com/l/511-180_Good_L2.jpg
275,180,86,26.54,https://height-weight-chart.com/l/511-190_Cass_L1.jpg
276,180,86,26.54,https://height-weight-chart.com/l/511-190_Laura_L1.jpg
277,180,86,26.54,https://height-weight-chart.com/l/511-190_Holly_L1.jpg
278,180,86,26.54,https://height-weight-chart.com/l/511-190_Marie_L1.jpg
279,180,86,26.54,https://height-weight-chart.com/l/511-190_Marie_L2.jpg
280,180,91,28.09,https://height-weight-chart.com/l/511-200_Amber_L1.jpg
281,180,91,28.09,https://height-weight-chart.com/l/511-200_Alex_L1.jpg
282,180,91,28.09,https://height-weight-chart.com/l/511-200_Marek_L1.jpg
283,180,91,28.09,https://height-weight-chart.com/l/511-200_Bryn_L1.jpg
284,180,95,29.32,https://height-weight-chart.com/l/511-210_Jake_L1.jpg
285,180,95,29.32,https://height-weight-chart.com/l/511-210_Mark_L1.jpg
286,180,100,30.86,https://height-weight-chart.com/l/511-220_Martin_L1.jpg
287,180,100,30.86,https://height-weight-chart.com/l/511-220_Martin_L2.jpg
288,180,100,30.86,https://height-weight-chart.com/l/511-220_Mark_L1.jpg
289,180,100,30.86,https://height-weight-chart.com/l/511-220_Mark_L2.jpg
290,180,104,32.1,https://height-weight-chart.com/l/511-230_Doug_L1.jpg
291,180,104,32.1,https://height-weight-chart.com/l/511-230_Jacob_L1.jpg
292,180,104,32.1,https://height-weight-chart.com/l/511-230_Brandy_L1.jpg
293,180,104,32.1,https://height-weight-chart.com/l/511-230_Brandy_L2.jpg
294,180,109,33.64,https://height-weight-chart.com/l/511-240_Tim_L1.jpg
295,180,109,33.64,https://height-weight-chart.com/l/511-240_Tim_L2.jpg
296,180,113,34.88,https://height-weight-chart.com/l/511-250_Bill_L1.jpg
297,180,113,34.88,https://height-weight-chart.com/l/511-250_Bill_L2.jpg
298,180,113,34.88,https://height-weight-chart.com/l/511-250_Josh_L1.jpg
299,180,118,36.42,https://height-weight-chart.com/l/511-260_Tany_L1.jpg
300,180,122,37.65,https://height-weight-chart.com/l/511-270_Meghan_L1.jpg
301,180,122,37.65,https://height-weight-chart.com/l/511-270_Emily_L1.jpg
302,180,127,39.2,https://height-weight-chart.com/l/511-280_Jackie_L1.jpg
303,180,127,39.2,https://height-weight-chart.com/l/511-280_Marvin_L1.jpg
304,180,132,40.74,https://height-weight-chart.com/l/511-290_Will_L1.jpg
305,180,132,40.74,https://height-weight-chart.com/l/511-290_Brandi_L1.jpg
306,180,136,41.98,https://height-weight-chart.com/l/511-300_Keith_L1.jpg
307,180,141,43.52,https://height-weight-chart.com/l/511-310_Thomas_L1.jpg
308,180,163,50.31,https://height-weight-chart.com/l/511-360_Lara_L1.jpg
309,180,168,51.85,https://height-weight-chart.com/l/511-370_Vennie_L1.jpg
310,178,50,15.78,https://height-weight-chart.com/l/510-110_lori_L1.jpg
311,178,54,17.04,https://height-weight-chart.com/l/510-120_Devin_L1.jpg
312,178,59,18.62,https://height-weight-chart.com/l/510-130_Les_L1.jpg
313,178,59,18.62,https://height-weight-chart.com/l/510-130_Les_L2.jpg
314,178,59,18.62,https://height-weight-chart.com/l/510-130_Les_L3.jpg
315,178,59,18.62,https://height-weight-chart.com/l/510-130_Les_L4.jpg
316,178,59,18.62,https://height-weight-chart.com/l/510-130_Les_L5.jpg
317,178,59,18.62,https://height-weight-chart.com/l/510-130_Danielle_L1.jpg
318,178,59,18.62,https://height-weight-chart.com/l/510-130_Zargathe_L1.jpg
319,178,59,18.62,https://height-weight-chart.com/l/510-130_Zargathe_L2.jpg
320,178,59,18.62,https://height-weight-chart.com/l/510-130_Zargathe_L3.jpg
321,178,64,20.2,https://height-weight-chart.com/l/510-140_Michelle_L1.jpg
322,178,64,20.2,https://height-weight-chart.com/l/510-140_Michelle_L2.jpg
323,178,64,20.2,https://height-weight-chart.com/l/510-140_Tjacks_L1.jpg
324,178,64,20.2,https://height-weight-chart.com/l/510-140_Candice_L1.jpg
325,178,64,20.2,https://height-weight-chart.com/l/510-140_Zargathe_L1.jpg
326,178,64,20.2,https://height-weight-chart.com/l/510-140_Zargathe_L2.jpg
327,178,68,21.46,https://height-weight-chart.com/l/510-150_Matthew_L1.jpg
328,178,68,21.46,https://height-weight-chart.com/l/510-150_Kait_L1.jpg
329,178,68,21.46,https://height-weight-chart.com/l/510-150_Kait_L2.jpg
330,178,68,21.46,https://height-weight-chart.com/l/510-150_Anne_L1.jpg
331,178,68,21.46,https://height-weight-chart.com/l/510-150_Janessa_L1.jpg
332,178,68,21.46,https://height-weight-chart.com/l/510-150_Sean_L1.jpg
333,178,68,21.46,https://height-weight-chart.com/l/510-150_Michelle_L1.jpg
334,178,68,21.46,https://height-weight-chart.com/l/510-150_Michelle_L2.jpg
335,178,68,21.46,https://height-weight-chart.com/l/510-150_Manoel_L1.jpg
336,178,68,21.46,https://height-weight-chart.com/l/510-150_Manoel_L2.jpg
337,178,68,21.46,https://height-weight-chart.com/l/510-150_Nicole_L1.jpg
338,178,68,21.46,https://height-weight-chart.com/l/510-150_Nicole_L2.jpg
339,178,73,23.04,https://height-weight-chart.com/l/510-160_Jesse_L1.jpg
340,178,73,23.04,https://height-weight-chart.com/l/510-160_Jordan_L1.jpg
341,178,73,23.04,https://height-weight-chart.com/l/510-160_Christina_L1.jpg
342,178,73,23.04,https://height-weight-chart.com/l/510-160_Christina_L2.jpg
343,178,73,23.04,https://height-weight-chart.com/l/510-160_DevonB_L1.jpg
344,178,73,23.04,https://height-weight-chart.com/l/510-160_Gina_L1.jpg
345,178,73,23.04,https://height-weight-chart.com/l/510-160_Gina_L2.jpg
346,178,73,23.04,https://height-weight-chart.com/l/510-160_Pat_L1.jpg
347,178,77,24.3,https://height-weight-chart.com/l/510-170_Craig_L1.jpg
348,178,77,24.3,https://height-weight-chart.com/l/510-170_debra_L1.jpg
349,178,77,24.3,https://height-weight-chart.com/l/510-170_Geddy_L1.jpg
350,178,82,25.88,https://height-weight-chart.com/l/510-180_Nick_L1.jpg
351,178,82,25.88,https://height-weight-chart.com/l/510-180_Nick_L2.jpg
352,178,82,25.88,https://height-weight-chart.com/l/510-180_Chip_L1.jpg
353,178,82,25.88,https://height-weight-chart.com/l/510-180_Jen_L1.jpg
354,178,86,27.14,https://height-weight-chart.com/l/510-190_Pete_L1.jpg
355,178,86,27.14,https://height-weight-chart.com/l/510-190_Jody_L1.jpg
356,178,86,27.14,https://height-weight-chart.com/l/510-190_Jody_L2.jpg
357,178,86,27.14,https://height-weight-chart.com/l/510-190_Marissa_L1.jpg
358,178,91,28.72,https://height-weight-chart.com/l/510-200_Carol_L1.jpg
359,178,91,28.72,https://height-weight-chart.com/l/510-200_Sabrina_L1.jpg
360,178,91,28.72,https://height-weight-chart.com/l/510-200_Danny_L1.jpg
361,178,95,29.98,https://height-weight-chart.com/l/510-210_jenifer_L1.jpg
362,178,100,31.56,https://height-weight-chart.com/l/510-220_amy_L1.jpg
363,178,100,31.56,https://height-weight-chart.com/l/510-220_william_L1.jpg
364,178,104,32.82,https://height-weight-chart.com/l/510-230_Josh_L1.jpg
365,178,104,32.82,https://height-weight-chart.com/l/510-230_Mario_L1.jpg
366,178,104,32.82,https://height-weight-chart.com/l/510-230_April_L1.jpg
367,178,104,32.82,https://height-weight-chart.com/l/510-230_April_L2.jpg
368,178,104,32.82,https://height-weight-chart.com/l/510-230_Steve_L1.jpg
369,178,104,32.82,https://height-weight-chart.com/l/510-230_Douglas_L1.jpg
370,178,104,32.82,https://height-weight-chart.com/l/510-230_Douglas_L2.jpg
371,178,104,32.82,https://height-weight-chart.com/l/510-230_Douglas_L3.jpg
372,178,109,34.4,https://height-weight-chart.com/l/510-240_Yolanda_L1.jpg
373,178,109,34.4,https://height-weight-chart.com/l/510-240_yolanda_L2.jpg
374,178,109,34.4,https://height-weight-chart.com/l/510-240_Douglas_L1.jpg
375,178,113,35.66,https://height-weight-chart.com/l/510-250_Katie_L1.jpg
376,178,122,38.51,https://height-weight-chart.com/l/510-270_Gaige_L1.jpg
377,178,122,38.51,https://height-weight-chart.com/l/510-270_Mary_L1.jpg
378,178,122,38.51,https://height-weight-chart.com/l/510-270_Kassandra_L1.jpg
379,178,122,38.51,https://height-weight-chart.com/l/510-270_Kassandra_L2.jpg
380,178,127,40.08,https://height-weight-chart.com/l/510-280_Jamie_L1.jpg
381,178,136,42.92,https://height-weight-chart.com/l/510-300_Sabrina_L1.jpg
382,175,45,14.69,https://height-weight-chart.com/l/509-100_Danielle_L1.jpg
383,175,45,14.69,https://height-weight-chart.com/l/509-100_Danielle_L2.jpg
384,175,45,14.69,https://height-weight-chart.com/l/509-100_Danielle_L3.jpg
385,175,50,16.33,https://height-weight-chart.com/l/509-110_Helman_L1.jpg
386,175,50,16.33,https://height-weight-chart.com/l/509-110_Helman_L2.jpg
387,175,54,17.63,https://height-weight-chart.com/l/509-120_Lucas_L1.jpg
388,175,54,17.63,https://height-weight-chart.com/l/509-120_Lucas_L2.jpg
389,175,59,19.27,https://height-weight-chart.com/l/509-130_Boris_L1.jpg
390,175,59,19.27,https://height-weight-chart.com/l/509-130_Boris_L2.jpg
391,175,59,19.27,https://height-weight-chart.com/l/509-130_Boris_L3.jpg
392,175,59,19.27,https://height-weight-chart.com/l/509-130_Erin_L1.jpg
393,175,59,19.27,https://height-weight-chart.com/l/509-130_Anna_L1.jpg
394,175,59,19.27,https://height-weight-chart.com/l/509-130_Trish_L1.jpg
395,175,64,20.9,https://height-weight-chart.com/l/509-140_Elise_L1.jpg
396,175,64,20.9,https://height-weight-chart.com/l/509-140_Elise_L2.jpg
397,175,64,20.9,https://height-weight-chart.com/l/509-140_Anna_L1.jpg
398,175,68,22.2,https://height-weight-chart.com/l/509-150_Allan_L1.jpg
399,175,73,23.84,https://height-weight-chart.com/l/509-160_Jeremiah_L1.jpg
400,175,73,23.84,https://height-weight-chart.com/l/509-160_Kandii_L1.jpg
401,175,73,23.84,https://height-weight-chart.com/l/509-160_Heather_L1.jpg
402,175,73,23.84,https://height-weight-chart.com/l/509-160_David_L1.jpg
403,175,73,23.84,https://height-weight-chart.com/l/509-160_Leah_L1.jpg
404,175,73,23.84,https://height-weight-chart.com/l/509-160_Leah2_L1.jpg
405,175,73,23.84,https://height-weight-chart.com/l/509-160_Leah2_L2.jpg
406,175,77,25.14,https://height-weight-chart.com/l/509-170_Liv_L1.jpg
407,175,77,25.14,https://height-weight-chart.com/l/509-170_Kara_L1.jpg
408,175,77,25.14,https://height-weight-chart.com/l/509-170_Caryn_L1.jpg
409,175,82,26.78,https://height-weight-chart.com/l/509-180_Brian_L1.jpg
410,175,82,26.78,https://height-weight-chart.com/l/509-180_Dave_L1.jpg
411,175,82,26.78,https://height-weight-chart.com/l/509-180_Holly_L1.jpg
412,175,82,26.78,https://height-weight-chart.com/l/509-180_Nicole_L1.jpg
413,175,86,28.08,https://height-weight-chart.com/l/509-190_Connie_L1.jpg
414,175,86,28.08,https://height-weight-chart.com/l/509-190_Robby_L1.jpg
415,175,91,29.71,https://height-weight-chart.com/l/509-200_Ryan_L1.jpg
416,175,91,29.71,https://height-weight-chart.com/l/509-200_Heather_L1.jpg
417,175,95,31.02,https://height-weight-chart.com/l/502-210_Ashley_L1.jpg
418,175,100,32.65,https://height-weight-chart.com/l/509-220_Danielle_L1.jpg
419,175,100,32.65,https://height-weight-chart.com/l/509-220_Cassie_L1.jpg
420,175,100,32.65,https://height-weight-chart.com/l/509-220_Wendy_L1.jpg
421,175,100,32.65,https://height-weight-chart.com/l/509-220_Pedro_L1.jpg
422,175,100,32.65,https://height-weight-chart.com/l/509-220_Pedro_L2.jpg
423,175,100,32.65,https://height-weight-chart.com/l/509-220_Pedro_L3.jpg
424,175,104,33.96,https://height-weight-chart.com/l/509-230_Michael_L1.jpg
425,175,104,33.96,https://height-weight-chart.com/l/509-230_Jen_L1.jpg
426,175,109,35.59,https://height-weight-chart.com/l/509-240_Riad_L1.jpg
427,175,109,35.59,https://height-weight-chart.com/l/509-240_Walter_L1.jpg
428,175,113,36.9,https://height-weight-chart.com/l/509-250_iva_l1.jpg
429,175,118,38.53,https://height-weight-chart.com/l/509-260_Appoline_L1.jpg
430,175,118,38.53,https://height-weight-chart.com/l/509-260_Elizabeth_L1.jpg
431,175,122,39.84,https://height-weight-chart.com/l/509-270_Danielle_L1.jpg
432,175,122,39.84,https://height-weight-chart.com/l/509-270_Danielle_L2.jpg
433,175,122,39.84,https://height-weight-chart.com/l/509-270_Danielle_L3.jpg
434,175,136,44.41,https://height-weight-chart.com/l/509-300_Sonja_L1.jpg
435,175,141,46.04,https://height-weight-chart.com/l/509-310_Angela_L1.jpg
436,175,145,47.35,https://height-weight-chart.com/l/509-320_Ed_L1.jpg
437,173,45,15.04,https://height-weight-chart.com/l/508-100_Jennifer_L1.jpg
438,173,45,15.04,https://height-weight-chart.com/l/508-100_Jennifer_L2.jpg
439,173,45,15.04,https://height-weight-chart.com/l/508-100_Katrina_L1.jpg
440,173,45,15.04,https://height-weight-chart.com/l/508-100_Katrina_L2.jpg
441,173,50,16.71,https://height-weight-chart.com/l/508-110_Lindsay_L1.jpg
442,173,50,16.71,https://height-weight-chart.com/l/508-110_Kourtney_L1.jpg
443,173,50,16.71,https://height-weight-chart.com/l/508-110_Kourtney_L2.jpg
444,173,54,18.04,https://height-weight-chart.com/l/508-120_Tanya_L1.jpg
445,173,59,19.71,https://height-weight-chart.com/l/508-130_Nancy_L1.jpg
446,173,59,19.71,https://height-weight-chart.com/l/508-130_Aylon_L1.jpg
447,173,59,19.71,https://height-weight-chart.com/l/508-130_Aylon_L2.jpg
448,173,59,19.71,https://height-weight-chart.com/l/508-130_Reaux_L2.jpg
449,173,59,19.71,https://height-weight-chart.com/l/508-130_Reaux_L1.jpg
450,173,59,19.71,https://height-weight-chart.com/l/508-130_Chris_L1.jpg
451,173,64,21.38,https://height-weight-chart.com/l/508-140_Spring_L1.jpg
452,173,64,21.38,https://height-weight-chart.com/l/508-140_LMR_L1.jpg
453,173,64,21.38,https://height-weight-chart.com/l/508-140_LMR_L2.jpg
454,173,64,21.38,https://height-weight-chart.com/l/508-140_LMR_L3.jpg
455,173,64,21.38,https://height-weight-chart.com/l/508-140_John2_L1.jpg
456,173,64,21.38,https://height-weight-chart.com/l/508-140_John_L1.jpg
457,173,64,21.38,https://height-weight-chart.com/l/508-140_Greg_L1.jpg
458,173,64,21.38,https://height-weight-chart.com/l/508-140_AnnaSis_L1.jpg
459,173,68,22.72,https://height-weight-chart.com/l/508-150_Stacy_L2.jpg
460,173,68,22.72,https://height-weight-chart.com/l/508-150_Knocker_L1.jpg
461,173,68,22.72,https://height-weight-chart.com/l/508-150_Brenor_L1.jpg
462,173,68,22.72,https://height-weight-chart.com/l/508-150_Alison_L1.jpg
463,173,68,22.72,https://height-weight-chart.com/l/508-150_Alison_L2.jpg
464,173,68,22.72,https://height-weight-chart.com/l/508-150_Alison_L3.jpg
465,173,68,22.72,https://height-weight-chart.com/l/508-150_Kelly_L1.jpg
466,173,68,22.72,https://height-weight-chart.com/l/508-150_Kelly_L2.jpg
467,173,68,22.72,https://height-weight-chart.com/l/508-150_Kelly_L3.jpg
468,173,68,22.72,https://height-weight-chart.com/l/508-150_Kelly_L4.jpg
469,173,68,22.72,https://height-weight-chart.com/l/508-150_Jacob_L1.jpg
470,173,73,24.39,https://height-weight-chart.com/l/508-160_Jimmy_L1.jpg
471,173,73,24.39,https://height-weight-chart.com/l/508-160_Meg_L1.jpg
472,173,73,24.39,https://height-weight-chart.com/l/508-160_Lisa_L1.jpg
473,173,73,24.39,https://height-weight-chart.com/l/508-160_Kristin_L1.jpg
474,173,77,25.73,https://height-weight-chart.com/l/508-170_Natalie_L1.jpg
475,173,77,25.73,https://height-weight-chart.com/l/508-170_Josh_L2.jpg
476,173,77,25.73,https://height-weight-chart.com/l/508-170_Josh_L1.jpg
477,173,77,25.73,https://height-weight-chart.com/l/508-170_Kaci_l1.jpg
478,173,77,25.73,https://height-weight-chart.com/l/508-170_Sara_L1.jpg
479,173,77,25.73,https://height-weight-chart.com/l/508-170_Julie_L1.jpg
480,173,77,25.73,https://height-weight-chart.com/l/508-170_Peter_L1.jpg
481,173,77,25.73,https://height-weight-chart.com/l/508-170_Bryan_L1.jpg
482,173,77,25.73,https://height-weight-chart.com/l/508-170_Bryan_L2.jpg
483,173,77,25.73,https://height-weight-chart.com/l/508-170_Sheri_L1.jpg
484,173,77,25.73,https://height-weight-chart.com/l/508-170_Ritchie_L1.jpg
485,173,77,25.73,https://height-weight-chart.com/l/508-170_Brendan_L1.jpg
486,173,77,25.73,https://height-weight-chart.com/l/508-170_Patrick_L1.jpg
487,173,77,25.73,https://height-weight-chart.com/l/508-170_Mary_L1.jpg
488,173,77,25.73,https://height-weight-chart.com/l/508-170_Michael_L1.jpg
489,173,82,27.4,https://height-weight-chart.com/l/508-180_Dave_L1.jpg
490,173,82,27.4,https://height-weight-chart.com/l/508-180_Dave_L2.jpg
491,173,82,27.4,https://height-weight-chart.com/l/508-180_AnnMarie_L1.jpg
492,173,82,27.4,https://height-weight-chart.com/l/508-180_AnnMarie_L2.jpg
493,173,82,27.4,https://height-weight-chart.com/l/508-180_Laura_L1.jpg
494,173,82,27.4,https://height-weight-chart.com/l/508-180_Laura_L2.jpg
495,173,86,28.73,https://height-weight-chart.com/l/508-190_Sam_L1.jpg
496,173,86,28.73,https://height-weight-chart.com/l/508-190_Laura_L1.jpg
497,173,86,28.73,https://height-weight-chart.com/l/508-190_Laura_L2.jpg
498,173,91,30.41,https://height-weight-chart.com/l/508-200_Julie_L1.jpg
499,173,91,30.41,https://height-weight-chart.com/l/508-200_Julie_L2.jpg
500,173,91,30.41,https://height-weight-chart.com/l/508-200_Julie_L3.jpg
501,173,91,30.41,https://height-weight-chart.com/l/508-200_David_L1.jpg
502,173,91,30.41,https://height-weight-chart.com/l/508-200_David_L2.jpg
503,173,95,31.74,https://height-weight-chart.com/l/508-210_Carla_L1.jpg
504,173,95,31.74,https://height-weight-chart.com/l/508-140_John2_L1.jpg
505,173,100,33.41,https://height-weight-chart.com/l/508-220_Mark_L1.jpg
506,173,100,33.41,https://height-weight-chart.com/l/508-220_Jerry_L1.jpg
507,173,100,33.41,https://height-weight-chart.com/l/508-220_Jerry_L2.jpg
508,173,104,34.75,https://height-weight-chart.com/l/508-230_Christina_L1.jpg
509,173,104,34.75,https://height-weight-chart.com/l/508-230_Ivan_L1.jpg
510,173,109,36.42,https://height-weight-chart.com/l/508-240_Alexandra_L1.jpg
511,173,109,36.42,https://height-weight-chart.com/l/508-240_Alexandra_L2.jpg
512,173,109,36.42,https://height-weight-chart.com/l/508-240_Alexandra_L3.jpg
513,173,113,37.76,https://height-weight-chart.com/l/508-250_Amarachi_L1.jpg
514,173,113,37.76,https://height-weight-chart.com/l/508-250_Cecil_L1.jpg
515,173,113,37.76,https://height-weight-chart.com/l/508-250_Cecil_L2.jpg
516,173,113,37.76,https://height-weight-chart.com/l/508-250_dee_L1.jpg
517,173,118,39.43,https://height-weight-chart.com/l/508-260_raine_L1.jpg
518,173,122,40.76,https://height-weight-chart.com/l/508-270_AJ_L1.jpg
519,173,122,40.76,https://height-weight-chart.com/l/508-270_dee_L1.jpg
520,173,122,40.76,https://height-weight-chart.com/l/508-270_Rick_L1.jpg
521,173,127,42.43,https://height-weight-chart.com/l/508-280_Elayne_L1.jpg
522,173,132,44.1,https://height-weight-chart.com/l/508-290_Sabrina_L1.jpg
523,173,136,45.44,https://height-weight-chart.com/l/508-300_Aimee_L1.jpg
524,173,136,45.44,https://height-weight-chart.com/l/508-300_Dee_L1.jpg
525,173,150,50.12,https://height-weight-chart.com/l/508-330_Sabrina_L1.jpg
526,173,159,53.13,https://height-weight-chart.com/l/508-350_Matt_L1.jpg
527,173,177,59.14,https://height-weight-chart.com/l/508-390_Mariellen_L1.jpg
528,170,41,14.19,https://height-weight-chart.com/l/507-090_Dragonfly_L1.jpg
529,170,45,15.57,https://height-weight-chart.com/l/507-100_Morgan_L1.jpg
530,170,45,15.57,https://height-weight-chart.com/l/507-100_Ruby_L1.jpg
531,170,50,17.3,https://height-weight-chart.com/l/507-110_Lisa_L1.jpg
532,170,50,17.3,https://height-weight-chart.com/l/507-110_Lisa_L2.jpg
533,170,50,17.3,https://height-weight-chart.com/l/507-110_sMayral_L1.jpg
534,170,50,17.3,https://height-weight-chart.com/l/507-110_Pamela_L1.jpg
535,170,54,18.69,https://height-weight-chart.com/l/507-120_Tracey_L1.jpg
536,170,54,18.69,https://height-weight-chart.com/l/507-120_Martha_L1.jpg
537,170,59,20.42,https://height-weight-chart.com/l/507-170_Scott_L1.jpg
538,170,59,20.42,https://height-weight-chart.com/l/507-130_silvia_L1.jpg
539,170,59,20.42,https://height-weight-chart.com/l/507-130_jamie_L1.jpg
540,170,59,20.42,https://height-weight-chart.com/l/507-130_jamie_L2.jpg
541,170,59,20.42,https://height-weight-chart.com/l/507-130_Alicia_L1.jpg
542,170,59,20.42,https://height-weight-chart.com/l/507-130_Alicia_L2.jpg
543,170,59,20.42,https://height-weight-chart.com/l/507-130_John_L1.jpg
544,170,59,20.42,https://height-weight-chart.com/l/507-130_Jen_L1.jpg
545,170,64,22.15,https://height-weight-chart.com/l/507-140_Kristen_L1.jpg
546,170,64,22.15,https://height-weight-chart.com/l/507-140_Jarrod_L1.jpg
547,170,64,22.15,https://height-weight-chart.com/l/507-140_Leslie_L1.jpg
548,170,64,22.15,https://height-weight-chart.com/l/507-140_Medyo_L1.jpg
549,170,64,22.15,https://height-weight-chart.com/l/507-140_Whitney_L1.jpg
550,170,64,22.15,https://height-weight-chart.com/l/507-140_Whitney_L2.jpg
551,170,64,22.15,https://height-weight-chart.com/l/507-140_Kate_L1.jpg
552,170,68,23.53,https://height-weight-chart.com/l/507-150_Kandis_L1.jpg
553,170,68,23.53,https://height-weight-chart.com/l/507-150_Kandis_L2.jpg
554,170,68,23.53,https://height-weight-chart.com/l/507-150_Kandis_L3.jpg
555,170,68,23.53,https://height-weight-chart.com/l/507-150_Holly_L1.jpg
556,170,68,23.53,https://height-weight-chart.com/l/507-150_Tiana_L1.jpg
557,170,68,23.53,https://height-weight-chart.com/l/507-150_Tiana_L2.jpg
558,170,68,23.53,https://height-weight-chart.com/l/507-150_Elanor_L1.jpg
559,170,68,23.53,https://height-weight-chart.com/l/507-150_Elanor_L2.jpg
560,170,68,23.53,https://height-weight-chart.com/l/507-150_David_L1.jpg
561,170,68,23.53,https://height-weight-chart.com/l/507-150_David_L2.jpg
562,170,68,23.53,https://height-weight-chart.com/l/507-150_Art_L1.jpg
563,170,68,23.53,https://height-weight-chart.com/l/507-150_Amanda_L1.jpg
564,170,68,23.53,https://height-weight-chart.com/l/507-150_Amanda_L2.jpg
565,170,68,23.53,https://height-weight-chart.com/l/507-150_Amanda_L3.jpg
566,170,68,23.53,https://height-weight-chart.com/l/507-150_Amanda_L4.jpg
567,170,68,23.53,https://height-weight-chart.com/l/507-150_Amanda_L5.jpg
568,170,68,23.53,https://height-weight-chart.com/l/507-150_Marilyn_L1.jpg
569,170,68,23.53,https://height-weight-chart.com/l/507-150_Jen_L1.jpg
570,170,68,23.53,https://height-weight-chart.com/l/507-150_Jen_L2.jpg
571,170,73,25.26,https://height-weight-chart.com/l/507-160_Chris_L2.jpg
572,170,73,25.26,https://height-weight-chart.com/l/507-160_Chris_L3.jpg
573,170,73,25.26,https://height-weight-chart.com/l/507-160_James_L1.jpg
574,170,73,25.26,https://height-weight-chart.com/l/507-160_James_L2.jpg
575,170,73,25.26,https://height-weight-chart.com/l/507-160_Meg_L1.jpg
576,170,73,25.26,https://height-weight-chart.com/l/507-160_Kate_L1.jpg
577,170,73,25.26,https://height-weight-chart.com/l/507-160_Angela_L1.jpg
578,170,77,26.64,https://height-weight-chart.com/l/507-170_Jackie_L1.jpg
579,170,77,26.64,https://height-weight-chart.com/l/507-170_Rachel_L1.jpg
580,170,77,26.64,https://height-weight-chart.com/l/507-170_Joey_L1.jpg
581,170,77,26.64,https://height-weight-chart.com/l/507-170_Samantha_L1.jpg
582,170,77,26.64,https://height-weight-chart.com/l/507-170_Jemyi_L1.jpg
583,170,82,28.37,https://height-weight-chart.com/l/507-180_Caralyn_L1.jpg
584,170,82,28.37,https://height-weight-chart.com/l/507-180_Normand_L1.jpg
585,170,82,28.37,https://height-weight-chart.com/l/507-180_Christine_L1.jpg
586,170,82,28.37,https://height-weight-chart.com/l/507-180_Barbara_L1.jpg
587,170,82,28.37,https://height-weight-chart.com/l/507-180_Barbara_L2.jpg
588,170,86,29.76,https://height-weight-chart.com/l/507-190_Eddie_L1.jpg
589,170,86,29.76,https://height-weight-chart.com/l/506-190_Jane_L2.jpg
590,170,86,29.76,https://height-weight-chart.com/l/506-190_Jane_L3.jpg
591,170,86,29.76,https://height-weight-chart.com/l/507-190_Amelia_L1.jpg
592,170,86,29.76,https://height-weight-chart.com/l/507-190_Jack_L1.jpg
593,170,91,31.49,https://height-weight-chart.com/l/507-200_Lisa_L1.jpg
594,170,91,31.49,https://height-weight-chart.com/l/507-200_Lisa_L2.jpg
595,170,91,31.49,https://height-weight-chart.com/l/507-200_Val_L1.jpg
596,170,91,31.49,https://height-weight-chart.com/l/507-200_Christina_L1.jpg
597,170,91,31.49,https://height-weight-chart.com/l/507-200_Christina_L2.jpg
598,170,91,31.49,https://height-weight-chart.com/l/507-200_Christine_L1.jpg
599,170,95,32.87,https://height-weight-chart.com/l/507-210_Sarah_L1.jpg
600,170,95,32.87,https://height-weight-chart.com/l/507-210_Jenna_L1.jpg
601,170,95,32.87,https://height-weight-chart.com/l/507-210_Jenna_L2.jpg
602,170,95,32.87,https://height-weight-chart.com/l/507-210_Kathleen_L1.jpg
603,170,95,32.87,https://height-weight-chart.com/l/507-210_Christine_L1.jpg
604,170,100,34.6,https://height-weight-chart.com/l/507-220_Jillo_L1.jpg
605,170,100,34.6,https://height-weight-chart.com/l/507-220_Rhona_L1.jpg
606,170,100,34.6,https://height-weight-chart.com/l/507-220_Rhona_L2.jpg
607,170,100,34.6,https://height-weight-chart.com/l/507-220_Rhona_L3.jpg
608,170,100,34.6,https://height-weight-chart.com/l/507-220_Vincent_L1.jpg
609,170,100,34.6,https://height-weight-chart.com/l/507-220_Vincent_L2.jpg
610,170,100,34.6,https://height-weight-chart.com/l/507-220_Amy_L1.jpg
611,170,100,34.6,https://height-weight-chart.com/l/507-220_Amy_L2.jpg
612,170,100,34.6,https://height-weight-chart.com/l/507-220_Taylor_L1.jpg
613,170,100,34.6,https://height-weight-chart.com/l/507-220_Taylor_L2.jpg
614,170,100,34.6,https://height-weight-chart.com/l/507-220_Christine_L1.jpg
615,170,104,35.99,https://height-weight-chart.com/l/507-230_KarenP_L1.jpg
616,170,104,35.99,https://height-weight-chart.com/l/507-230_KarenP_L2.jpg
617,170,109,37.72,https://height-weight-chart.com/l/507-240_Zhenya_L1.jpg
618,170,109,37.72,https://height-weight-chart.com/l/507-240_Johanna_L1.jpg
619,170,113,39.1,https://height-weight-chart.com/l/507-250_Jennifer_L1.jpg
620,170,113,39.1,https://height-weight-chart.com/l/507-250_Susan_L1.jpg
621,170,113,39.1,https://height-weight-chart.com/l/507-250_Susan_L2.jpg
622,170,118,40.83,https://height-weight-chart.com/l/507-260_Beth_L1.jpg
623,170,118,40.83,https://height-weight-chart.com/l/507-260_Sonia_L1.jpg
624,170,122,42.21,https://height-weight-chart.com/l/507-270_Barb_L1.jpg
625,170,127,43.94,https://height-weight-chart.com/l/507-280_Dasha_L1.jpg
626,170,141,48.79,https://height-weight-chart.com/l/507-310_Jacinta_L1.jpg
627,170,145,50.17,https://height-weight-chart.com/l/507-320_Brandy_L1.jpg
628,170,168,58.13,https://height-weight-chart.com/l/507-370_Traci_L1.jpg
629,170,168,58.13,https://height-weight-chart.com/l/507-370_Traci_L2.jpg
630,170,172,59.52,https://height-weight-chart.com/l/507-380_Lisa_L1.jpg
631,168,41,14.53,https://height-weight-chart.com/l/506-090_eve_L1.jpg
632,168,45,15.94,https://height-weight-chart.com/l/506-100_Jill_L1.jpg
633,168,45,15.94,https://height-weight-chart.com/l/506-100_Jill_L2.jpg
634,168,45,15.94,https://height-weight-chart.com/l/506-100_Jess_L1.jpg
635,168,45,15.94,https://height-weight-chart.com/l/506-100_Tina_L1.jpg
636,168,45,15.94,https://height-weight-chart.com/l/506-100_Tina_L2.jpg
637,168,50,17.72,https://height-weight-chart.com/l/506-110_Margaret_L1.jpg
638,168,50,17.72,https://height-weight-chart.com/l/506-110_Price_L1.jpg
639,168,50,17.72,https://height-weight-chart.com/l/506-110_Price_L2.jpg
640,168,50,17.72,https://height-weight-chart.com/l/506-110_Tina_L1.jpg
641,168,50,17.72,https://height-weight-chart.com/l/506-110_Roxanne_L1.jpg
642,168,50,17.72,https://height-weight-chart.com/l/506-110_Crystal_L1.jpg
643,168,50,17.72,https://height-weight-chart.com/l/506-110_Amber_L1.jpg
644,168,50,17.72,https://height-weight-chart.com/l/506-110_Amber_L2.jpg
645,168,54,19.13,https://height-weight-chart.com/l/506-120_CLB_L1.jpg
646,168,54,19.13,https://height-weight-chart.com/l/506-120_Jillian_L1.jpg
647,168,54,19.13,https://height-weight-chart.com/l/506-120_Anna_L1.jpg
648,168,59,20.9,https://height-weight-chart.com/l/506-130_Furry_L1.jpg
649,168,59,20.9,https://height-weight-chart.com/l/506-130_Ellen_L1.jpg
650,168,59,20.9,https://height-weight-chart.com/l/506-130_Ami_L1.jpg
651,168,59,20.9,https://height-weight-chart.com/l/506-130_Miranda_L1.jpg
652,168,59,20.9,https://height-weight-chart.com/l/506-130_Dianne_L1.jpg
653,168,59,20.9,https://height-weight-chart.com/l/506-130_Tiffany_L1.jpg
654,168,59,20.9,https://height-weight-chart.com/l/506-130_Tiffany_L2.jpg
655,168,59,20.9,https://height-weight-chart.com/l/506-130_Claire_L1.jpg
656,168,59,20.9,https://height-weight-chart.com/l/506-130_Claire_L2.jpg
657,168,64,22.68,https://height-weight-chart.com/l/506-140_Tara_L1.jpg
658,168,64,22.68,https://height-weight-chart.com/l/506-140_xiaobing_L1.jpg
659,168,64,22.68,https://height-weight-chart.com/l/506-140_Caitlin_L1.jpg
660,168,64,22.68,https://height-weight-chart.com/l/506-140_Caitlin_L2.jpg
661,168,64,22.68,https://height-weight-chart.com/l/506-140_Robin_L1.jpg
662,168,64,22.68,https://height-weight-chart.com/l/506-140_Sharon_L1.jpg
663,168,64,22.68,https://height-weight-chart.com/l/506-140_Dianne_L1.jpg
664,168,64,22.68,https://height-weight-chart.com/l/506-140_Francesca_L1.jpg
665,168,64,22.68,https://height-weight-chart.com/l/506-140_Audrey_L1.jpg
666,168,64,22.68,https://height-weight-chart.com/l/506-140_Audrey_L2.jpg
667,168,64,22.68,https://height-weight-chart.com/l/506-140_Haley_L1.jpg
668,168,64,22.68,https://height-weight-chart.com/l/506-140_Haley_L2.jpg
669,168,64,22.68,https://height-weight-chart.com/l/506-140_Haley_L3.jpg
670,168,64,22.68,https://height-weight-chart.com/l/506-140_Michelle_L1.jpg
671,168,68,24.09,https://height-weight-chart.com/l/506-150_Anthony_L1.jpg
672,168,68,24.09,https://height-weight-chart.com/l/506-150_Jessie_L1.jpg
673,168,68,24.09,https://height-weight-chart.com/l/506-150_Jessie_L2.jpg
674,168,68,24.09,https://height-weight-chart.com/l/506-150_Andrea_L1.jpg
675,168,68,24.09,https://height-weight-chart.com/l/506-150_Andrea_L2.jpg
676,168,68,24.09,https://height-weight-chart.com/l/506-150_stacy_L1.jpg
677,168,68,24.09,https://height-weight-chart.com/l/506-150_stacy_L2.jpg
678,168,68,24.09,https://height-weight-chart.com/l/506-150_Tracee_L1.jpg
679,168,73,25.86,https://height-weight-chart.com/l/506-160_Caralyn_L1.jpg
680,168,73,25.86,https://height-weight-chart.com/l/506-160_JoPavlov_L2.jpg
681,168,77,27.28,https://height-weight-chart.com/l/506-170_Sean_L1.jpg
682,168,77,27.28,https://height-weight-chart.com/l/506-170_Sean_L2.jpg
683,168,77,27.28,https://height-weight-chart.com/l/506-170_Mary_L1.jpg
684,168,77,27.28,https://height-weight-chart.com/l/506-170_Sarah_L1.jpg
685,168,77,27.28,https://height-weight-chart.com/l/506-170_Daphne_L1.jpg
686,168,77,27.28,https://height-weight-chart.com/l/506-170_Kamran_L1.jpg
687,168,77,27.28,https://height-weight-chart.com/l/506-170_Jennifer_L1.jpg
688,168,82,29.05,https://height-weight-chart.com/l/506-180_Leah_L2.jpg
689,168,82,29.05,https://height-weight-chart.com/l/506-180_AnnaB_L1.jpg
690,168,82,29.05,https://height-weight-chart.com/l/506-180_AnnaB_L2.jpg
691,168,82,29.05,https://height-weight-chart.com/l/506-180_Leah_L1.jpg
692,168,82,29.05,https://height-weight-chart.com/l/506-180_Leah_L2.jpg
693,168,82,29.05,https://height-weight-chart.com/l/506-180_Leah_L3.jpg
694,168,82,29.05,https://height-weight-chart.com/l/506-180_Christine_L1.jpg
695,168,82,29.05,https://height-weight-chart.com/l/506-180_Jasa_L1.jpg
696,168,82,29.05,https://height-weight-chart.com/l/506-180_Kim_L1.jpg
697,168,82,29.05,https://height-weight-chart.com/l/506-180_Nap_L1.jpg
698,168,86,30.47,https://height-weight-chart.com/l/506-190_Mike_L1.jpg
699,168,86,30.47,https://height-weight-chart.com/l/506-190_Jane_L1.jpg
700,168,86,30.47,https://height-weight-chart.com/l/506-190_Jane_L2.jpg
701,168,86,30.47,https://height-weight-chart.com/l/506-190_Jane_L3.jpg
702,168,86,30.47,https://height-weight-chart.com/l/506-190_Les_L1.jpg
703,168,86,30.47,https://height-weight-chart.com/l/506-190_Suzama_L1.jpg
704,168,86,30.47,https://height-weight-chart.com/l/506-190_Suzama_L2.jpg
705,168,86,30.47,https://height-weight-chart.com/l/506-190_Jennifer_L1.jpg
706,168,86,30.47,https://height-weight-chart.com/l/506-190_Chrissy_L1.jpg
707,168,86,30.47,https://height-weight-chart.com/l/506-190_Chrissy_L2.jpg
708,168,86,30.47,https://height-weight-chart.com/l/506-190_Alisha_L1.jpg
709,168,86,30.47,https://height-weight-chart.com/l/506-190_Alisha_L2.jpg
710,168,91,32.24,https://height-weight-chart.com/l/506-200_kate_L1.jpg
711,168,91,32.24,https://height-weight-chart.com/l/506-200_hahn_L2.jpg
712,168,91,32.24,https://height-weight-chart.com/l/506-200_hahn_L3.jpg
713,168,91,32.24,https://height-weight-chart.com/l/506-200_hahn_L1.jpg
714,168,91,32.24,https://height-weight-chart.com/l/506-200_Stephanie_L1.jpg
715,168,95,33.66,https://height-weight-chart.com/l/506-215_Paul_L1.jpg
716,168,95,33.66,https://height-weight-chart.com/l/506-210_Winifred_L1.jpg
717,168,95,33.66,https://height-weight-chart.com/l/506-210_Amy_L1.jpg
718,168,95,33.66,https://height-weight-chart.com/l/506-210_Blake_L1.jpg
719,168,100,35.43,https://height-weight-chart.com/l/506-220_Renee_L1.jpg
720,168,100,35.43,https://height-weight-chart.com/l/506-220_Catherine_L1.jpg
721,168,100,35.43,https://height-weight-chart.com/l/506-220_Alison_L1.jpg
722,168,100,35.43,https://height-weight-chart.com/l/506-220_Joan_L1.jpg
723,168,100,35.43,https://height-weight-chart.com/l/506-220_Joan_L2.jpg
724,168,100,35.43,https://height-weight-chart.com/l/506-220_Nannette_L1.jpg
725,168,100,35.43,https://height-weight-chart.com/l/506-220_Nannette_L2.jpg
726,168,104,36.85,https://height-weight-chart.com/l/506-230_Krista_L1.jpg
727,168,104,36.85,https://height-weight-chart.com/l/506-230_Angela_L1.jpg
728,168,104,36.85,https://height-weight-chart.com/l/506-230_Angela_L2.jpg
729,168,104,36.85,https://height-weight-chart.com/l/506-230_Sarah_L1.jpg
730,168,104,36.85,https://height-weight-chart.com/l/506-230_Joan_L1.jpg
731,168,104,36.85,https://height-weight-chart.com/l/506-230_Joan_L2.jpg
732,168,104,36.85,https://height-weight-chart.com/l/506-230_LaJauna_L1.jpg
733,168,109,38.62,https://height-weight-chart.com/l/506-240_Sarah_L1.jpg
734,168,109,38.62,https://height-weight-chart.com/l/506-240_Margaret_L1.jpg
735,168,109,38.62,https://height-weight-chart.com/l/506-240_Emma_L1.jpg
736,168,109,38.62,https://height-weight-chart.com/l/506-240_Robin_L1.jpg
737,168,109,38.62,https://height-weight-chart.com/l/506-240_Shana_L1.jpg
738,168,113,40.04,https://height-weight-chart.com/l/506-250_Maggie_L1.jpg
739,168,113,40.04,https://height-weight-chart.com/l/506-260_Karen_L1.jpg
740,168,113,40.04,https://height-weight-chart.com/l/506-260_Karen_L2.jpg
741,168,118,41.81,https://height-weight-chart.com/l/506-260_Amanda_L1.jpg
742,168,122,43.23,https://height-weight-chart.com/l/506-270_Nee_L1.jpg
743,168,122,43.23,https://height-weight-chart.com/l/506-270_Kristen_L1.jpg
744,168,127,45.0,https://height-weight-chart.com/l/506-280_Kelly_L1.jpg
745,168,127,45.0,https://height-weight-chart.com/l/506-280_Kelly_L2.jpg
746,168,136,48.19,https://height-weight-chart.com/l/506-300_keri_L1.jpg
747,168,150,53.15,https://height-weight-chart.com/l/506-330_Jacynta_L1.jpg
748,165,41,15.06,https://height-weight-chart.com/l/505-090_samantha_L1.jpg
749,165,45,16.53,https://height-weight-chart.com/l/505-100_Kati_L1.jpg
750,165,45,16.53,https://height-weight-chart.com/l/505-100_Kati_L2.jpg
751,165,45,16.53,https://height-weight-chart.com/l/505-100_Kati_L3.jpg
752,165,45,16.53,https://height-weight-chart.com/l/505-100_Kati_L4.jpg
753,165,45,16.53,https://height-weight-chart.com/l/505-100_Kati_L5.jpg
754,165,45,16.53,https://height-weight-chart.com/l/505-100_Vickey_L1.jpg
755,165,45,16.53,https://height-weight-chart.com/l/505-100_Dennis_L1.jpg
756,165,50,18.37,https://height-weight-chart.com/l/505-110_Marnie_L1.jpg
757,165,50,18.37,https://height-weight-chart.com/l/505-110_Rachel_L1.jpg
758,165,54,19.83,https://height-weight-chart.com/l/505-120_Christina_L1.jpg
759,165,54,19.83,https://height-weight-chart.com/l/505-120_Monica_L1.jpg
760,165,54,19.83,https://height-weight-chart.com/l/505-120_Monica_L2.jpg
761,165,54,19.83,https://height-weight-chart.com/l/505-120_Kellie_L1.jpg
762,165,54,19.83,https://height-weight-chart.com/l/505-120_Debi_L1.jpg
763,165,54,19.83,https://height-weight-chart.com/l/505-120_Kiki_L1.jpg
764,165,54,19.83,https://height-weight-chart.com/l/505-120_Kiki_L2.jpg
765,165,54,19.83,https://height-weight-chart.com/l/505-120_Carolyn_L1.jpg
766,165,54,19.83,https://height-weight-chart.com/l/505-120_Leya_L1.jpg
767,165,54,19.83,https://height-weight-chart.com/l/505-120_Leya_L2.jpg
768,165,54,19.83,https://height-weight-chart.com/l/505-120_AmeeLin_L1.jpg
769,165,54,19.83,https://height-weight-chart.com/l/505-120_AmeeLin_L2.jpg
770,165,54,19.83,https://height-weight-chart.com/l/505-120_Kim_L1.jpg
771,165,59,21.67,https://height-weight-chart.com/l/505-130_Susan_l.jpg
772,165,59,21.67,https://height-weight-chart.com/l/505-130_Lisa_L.jpg
773,165,59,21.67,https://height-weight-chart.com/l/505-133_Lindsey_l.jpg
774,165,59,21.67,https://height-weight-chart.com/l/505-130_traci_l1.jpg
775,165,59,21.67,https://height-weight-chart.com/l/505-130_traci_l2.jpg
776,165,59,21.67,https://height-weight-chart.com/l/505-130_sara_L1.jpg
777,165,59,21.67,https://height-weight-chart.com/l/505-130_AmeeLin_L1.jpg
778,165,59,21.67,https://height-weight-chart.com/l/505-130_Judy_L1.jpg
779,165,59,21.67,https://height-weight-chart.com/l/505-130_Kat_L1.jpg
780,165,59,21.67,https://height-weight-chart.com/l/505-130_KatC_L1.jpg
781,165,59,21.67,https://height-weight-chart.com/l/505-130_Julie_L1.jpg
782,165,59,21.67,https://height-weight-chart.com/l/505-130_Julie_L2.jpg
783,165,59,21.67,https://height-weight-chart.com/l/505-130_Julie_L3.jpg
784,165,64,23.51,https://height-weight-chart.com/l/505-140_Julie_L1.jpg
785,165,64,23.51,https://height-weight-chart.com/l/505-140_Lisette_L1.jpg
786,165,64,23.51,https://height-weight-chart.com/l/505-140_Nicola_L1.jpg
787,165,64,23.51,https://height-weight-chart.com/l/505-140_Larkin_L1.jpg
788,165,64,23.51,https://height-weight-chart.com/l/505-140_Larkin_L2.jpg
789,165,64,23.51,https://height-weight-chart.com/l/505-140_Larkin_L3.jpg
790,165,64,23.51,https://height-weight-chart.com/l/505-140_Larkin_L4.jpg
791,165,64,23.51,https://height-weight-chart.com/l/505-140_Dawn_L1.jpg
792,165,64,23.51,https://height-weight-chart.com/l/505-140_Eleanor_L1.jpg
793,165,64,23.51,https://height-weight-chart.com/l/505-140_Julie2_L1.jpg
794,165,64,23.51,https://height-weight-chart.com/l/505-140_Jessica_L1.jpg
795,165,68,24.98,https://height-weight-chart.com/l/505-150_Mrssejn_L1.jpg
796,165,68,24.98,https://height-weight-chart.com/l/505-150_Macy_L1.jpg
797,165,68,24.98,https://height-weight-chart.com/l/505-150_Savannah_L1.jpg
798,165,68,24.98,https://height-weight-chart.com/l/505-150_Lisa_L1.jpg
799,165,68,24.98,https://height-weight-chart.com/l/505-150_Judy_L1.jpg
800,165,68,24.98,https://height-weight-chart.com/l/505-150_Paula_L1.jpg
801,165,73,26.81,https://height-weight-chart.com/l/505-160_Andrew_L1.jpg
802,165,73,26.81,https://height-weight-chart.com/l/505-160_Jack_L1.jpg
803,165,73,26.81,https://height-weight-chart.com/l/505-160_Kate_L1.jpg
804,165,73,26.81,https://height-weight-chart.com/l/505-160_Willie_L1.jpg
805,165,77,28.28,https://height-weight-chart.com/l/505-170_Lisa_L.jpg
806,165,77,28.28,https://height-weight-chart.com/l/505-170_Kate_L1.jpg
807,165,82,30.12,https://height-weight-chart.com/l/505-180_Melissa_L1.jpg
808,165,82,30.12,https://height-weight-chart.com/l/505-180_Michelle_L1.jpg
809,165,86,31.59,https://height-weight-chart.com/l/505-190_JenRocks_L1.jpg
810,165,86,31.59,https://height-weight-chart.com/l/505-190_JenRocks_L2.jpg
811,165,86,31.59,https://height-weight-chart.com/l/505-190_Phillip_L1.jpg
812,165,86,31.59,https://height-weight-chart.com/l/505-190_Phillip_L2.jpg
813,165,86,31.59,https://height-weight-chart.com/l/505-190_Paula_L1.jpg
814,165,91,33.43,https://height-weight-chart.com/l/505-200_Emanuelle_L1.jpg
815,165,91,33.43,https://height-weight-chart.com/l/505-200_Jade_L1.jpg
816,165,91,33.43,https://height-weight-chart.com/l/505-200_Sm_L1.jpg
817,165,95,34.89,https://height-weight-chart.com/l/505-210_Tania_L1.jpg
818,165,100,36.73,https://height-weight-chart.com/l/505-220_Ciara_L1.jpg
819,165,100,36.73,https://height-weight-chart.com/l/505-220_Rio_L1.jpg
820,165,100,36.73,https://height-weight-chart.com/l/505-220_Iselina_L1.jpg
821,165,100,36.73,https://height-weight-chart.com/l/505-220_Kate_L1.jpg
822,165,100,36.73,https://height-weight-chart.com/l/505-220_Paula_L1.jpg
823,165,104,38.2,https://height-weight-chart.com/l/505-230_melanie_L1.jpg
824,165,104,38.2,https://height-weight-chart.com/l/505-230_Savana_L1.jpg
825,165,104,38.2,https://height-weight-chart.com/l/505-230_Stephanie_L1.jpg
826,165,109,40.04,https://height-weight-chart.com/l/505-240_Stef_L1.jpg
827,165,113,41.51,https://height-weight-chart.com/l/505-250_Angela_L1.jpg
828,165,113,41.51,https://height-weight-chart.com/l/505-250_Angela_L2.jpg
829,165,113,41.51,https://height-weight-chart.com/l/505-250_Hillary_L1.jpg
830,165,113,41.51,https://height-weight-chart.com/l/505-250_Sharon_L1.jpg
831,165,118,43.34,https://height-weight-chart.com/l/505-260_sue_L1.jpg
832,165,118,43.34,https://height-weight-chart.com/l/505-260_sue_L2.jpg
833,165,122,44.81,https://height-weight-chart.com/l/505-270_Veronique_L1.jpg
834,165,122,44.81,https://height-weight-chart.com/l/505-270_Veronique_L2.jpg
835,165,122,44.81,https://height-weight-chart.com/l/505-270_Tracey_L1.jpg
836,165,136,49.95,https://height-weight-chart.com/l/505-300_Catherine_L1.jpg
837,163,41,15.43,https://height-weight-chart.com/l/504-090_Gloria_L1.jpg
838,163,41,15.43,https://height-weight-chart.com/l/504-090_Gloria_L2.jpg
839,163,45,16.94,https://height-weight-chart.com/l/504-100_Marissa_L1.jpg
840,163,50,18.82,https://height-weight-chart.com/l/504-110_Niccy_L1.jpg
841,163,50,18.82,https://height-weight-chart.com/l/504-110_melissa_L1.jpg
842,163,50,18.82,https://height-weight-chart.com/l/504-110_barbara_L1.jpg
843,163,50,18.82,https://height-weight-chart.com/l/504-110_Kimberley_L1.jpg
844,163,54,20.32,https://height-weight-chart.com/l/504-120_Mindy_L1.jpg
845,163,54,20.32,https://height-weight-chart.com/l/504-120_Alana_L1.jpg
846,163,54,20.32,https://height-weight-chart.com/l/504-120_Alana_L2.jpg
847,163,54,20.32,https://height-weight-chart.com/l/504-120_Jenny_L1.jpg
848,163,54,20.32,https://height-weight-chart.com/l/504-120_Caitlin_L1.jpg
849,163,54,20.32,https://height-weight-chart.com/l/504-120_Anna_L1.jpg
850,163,54,20.32,https://height-weight-chart.com/l/504-120_Anna_L2.jpg
851,163,59,22.21,https://height-weight-chart.com/l/504-130_Aimee_L1.jpg
852,163,59,22.21,https://height-weight-chart.com/l/504-130_Becky_L1.jpg
853,163,59,22.21,https://height-weight-chart.com/l/504-130_Nadia_L1.jpg
854,163,64,24.09,https://height-weight-chart.com/l/504-135_Peggy_L1.jpg
855,163,64,24.09,https://height-weight-chart.com/l/504-135_Peggy_L2.jpg
856,163,64,24.09,https://height-weight-chart.com/l/504-140_kamilla_l1.jpg
857,163,64,24.09,https://height-weight-chart.com/l/504-140_Cyndi_L1.jpg
858,163,64,24.09,https://height-weight-chart.com/l/504-140_Brittany_L1.jpg
859,163,64,24.09,https://height-weight-chart.com/l/504-140_Holly_L1.jpg
860,163,64,24.09,https://height-weight-chart.com/l/504-140_Jennifer_L1.jpg
861,163,64,24.09,https://height-weight-chart.com/l/504-140_Kara_L1.jpg
862,163,64,24.09,https://height-weight-chart.com/l/504-140_Allyson_L1.jpg
863,163,64,24.09,https://height-weight-chart.com/l/504-140_Allyson_L2.jpg
864,163,64,24.09,https://height-weight-chart.com/l/504-140_Allyson_L3.jpg
865,163,64,24.09,https://height-weight-chart.com/l/504-140_Allyson_L4.jpg
866,163,68,25.59,https://height-weight-chart.com/l/504-150_Bethan_L1.jpg
867,163,68,25.59,https://height-weight-chart.com/l/504-150_Erin_L1.jpg
868,163,68,25.59,https://height-weight-chart.com/l/504-150_Mandy_L1.jpg
869,163,68,25.59,https://height-weight-chart.com/l/504-150_BJ_L1.jpg
870,163,68,25.59,https://height-weight-chart.com/l/504-150_BJ_L2.jpg
871,163,68,25.59,https://height-weight-chart.com/l/504-150_BJ_L3.jpg
872,163,68,25.59,https://height-weight-chart.com/l/504-150_BJ_L4.jpg
873,163,68,25.59,https://height-weight-chart.com/l/504-150_BJ_L5.jpg
874,163,73,27.48,https://height-weight-chart.com/l/504-160_Emily_L1.jpg
875,163,77,28.98,https://height-weight-chart.com/l/504-170_Erica_L1.jpg
876,163,77,28.98,https://height-weight-chart.com/l/504-170_Jessica_L1.jpg
877,163,77,28.98,https://height-weight-chart.com/l/504-170_Kelly_L1.jpg
878,163,77,28.98,https://height-weight-chart.com/l/504-170_Hope_L1.jpg
879,163,77,28.98,https://height-weight-chart.com/l/504-170_Chris_L1.jpg
880,163,77,28.98,https://height-weight-chart.com/l/504-170_Miriam_L1.jpg
881,163,77,28.98,https://height-weight-chart.com/l/504-170_Shannon_L1.jpg
882,163,77,28.98,https://height-weight-chart.com/l/504-170_Andrew_L1.jpg
883,163,77,28.98,https://height-weight-chart.com/l/504-170_Tara_L1.jpg
884,163,77,28.98,https://height-weight-chart.com/l/504-170_Liz_L1.jpg
885,163,77,28.98,https://height-weight-chart.com/l/504-170_Liz_L2.jpg
886,163,77,28.98,https://height-weight-chart.com/l/504-170_Liz_L3.jpg
887,163,77,28.98,https://height-weight-chart.com/l/504-170_Liz_L4.jpg
888,163,77,28.98,https://height-weight-chart.com/l/504-170_Liz_L5.jpg
889,163,77,28.98,https://height-weight-chart.com/l/504-170_Erin_L1.jpg
890,163,77,28.98,https://height-weight-chart.com/l/504-170_Mary_L1.jpg
891,163,82,30.86,https://height-weight-chart.com/l/504-180_Nela_L1.jpg
892,163,82,30.86,https://height-weight-chart.com/l/504-180_Michelle_L1.jpg
893,163,82,30.86,https://height-weight-chart.com/l/504-180_Erin_L1.jpg
894,163,82,30.86,https://height-weight-chart.com/l/504-180_Erin_L2.jpg
895,163,86,32.37,https://height-weight-chart.com/l/504-185_rachel_L1.jpg
896,163,86,32.37,https://height-weight-chart.com/l/504-190_Alyssa_L1.jpg
897,163,91,34.25,https://height-weight-chart.com/l/504-200_Diedre_L1.jpg
898,163,91,34.25,https://height-weight-chart.com/l/504-200_Diedre_L2.jpg
899,163,91,34.25,https://height-weight-chart.com/l/504-200_Mary_L1.jpg
900,163,91,34.25,https://height-weight-chart.com/l/504-200_Jo_L1.jpg
901,163,91,34.25,https://height-weight-chart.com/l/504-200_Jo_L2.jpg
902,163,95,35.76,https://height-weight-chart.com/l/504-210_Erin_L1.jpg
903,163,95,35.76,https://height-weight-chart.com/l/504-210_Mary_L1.jpg
904,163,104,39.14,https://height-weight-chart.com/l/504-230_Mary_L1.jpg
905,163,104,39.14,https://height-weight-chart.com/l/504-230_Hannah_L1.jpg
906,163,109,41.03,https://height-weight-chart.com/l/504-240_Deneen_L2.jpg
907,163,109,41.03,https://height-weight-chart.com/l/504-240_Deneen_L1.jpg
908,163,109,41.03,https://height-weight-chart.com/l/504-240_Krissy_L1.jpg
909,163,113,42.53,https://height-weight-chart.com/l/504-250_Beth_L1.jpg
910,163,113,42.53,https://height-weight-chart.com/l/504-250_Candice_L1.jpg
911,163,113,42.53,https://height-weight-chart.com/l/504-250_Candice_L2.jpg
912,163,118,44.41,https://height-weight-chart.com/l/504-260_Michelle_L1.jpg
913,163,145,54.57,https://height-weight-chart.com/l/504-320_Beth_L1.jpg
914,160,41,16.02,https://height-weight-chart.com/l/503-090_Caitlin_L1.jpg
915,160,41,16.02,https://height-weight-chart.com/l/503-090_Harley_L1.jpg
916,160,41,16.02,https://height-weight-chart.com/l/503-090_Emily_L1.jpg
917,160,41,16.02,https://height-weight-chart.com/l/503-090_Emily_L2.jpg
918,160,45,17.58,https://height-weight-chart.com/l/503-100_Emily_L1.jpg
919,160,45,17.58,https://height-weight-chart.com/l/503-100_Emily_L2.jpg
920,160,45,17.58,https://height-weight-chart.com/l/503-100_Ajda_L1.jpg
921,160,45,17.58,https://height-weight-chart.com/l/503-100_Ajda_L2.jpg
922,160,45,17.58,https://height-weight-chart.com/l/503-100_Ajda_L3.jpg
923,160,50,19.53,https://height-weight-chart.com/l/503-110_laci_L1.jpg
924,160,50,19.53,https://height-weight-chart.com/l/503-110_Pati_L1.jpg
925,160,50,19.53,https://height-weight-chart.com/l/503-110_Katerina_L1.jpg
926,160,54,21.09,https://height-weight-chart.com/l/503-120_Trillian_L1.jpg
927,160,54,21.09,https://height-weight-chart.com/l/503-120_Juile_L1.jpg
928,160,54,21.09,https://height-weight-chart.com/l/503-120_Erica_L1.jpg
929,160,54,21.09,https://height-weight-chart.com/l/503-120_Hunny_L1.jpg
930,160,59,23.05,https://height-weight-chart.com/l/503-130_Katie_L1.jpg
931,160,59,23.05,https://height-weight-chart.com/l/503-130_Nancy_L1.jpg
932,160,59,23.05,https://height-weight-chart.com/l/503-130_Holly_L1.jpg
933,160,59,23.05,https://height-weight-chart.com/l/503-130_Holly_L2.jpg
934,160,64,25.0,https://height-weight-chart.com/l/503-140_Thomas_L1.jpg
935,160,64,25.0,https://height-weight-chart.com/l/503-140_Jane_L1.jpg
936,160,64,25.0,https://height-weight-chart.com/l/503-140_Julie_L1.jpg
937,160,64,25.0,https://height-weight-chart.com/l/503-140_Jessamyn_L1.jpg
938,160,68,26.56,https://height-weight-chart.com/l/503-150_Melissa_L1.jpg
939,160,68,26.56,https://height-weight-chart.com/l/503-150_melodie_L1.jpg
940,160,68,26.56,https://height-weight-chart.com/l/503-150_Holly_L1.jpg
941,160,68,26.56,https://height-weight-chart.com/l/503-150_Holly_L2.jpg
942,160,68,26.56,https://height-weight-chart.com/l/503-150_Ryan_L1.jpg
943,160,68,26.56,https://height-weight-chart.com/l/503-150_Ryan_L2.jpg
944,160,68,26.56,https://height-weight-chart.com/l/503-150_Suzanne_L1.jpg
945,160,68,26.56,https://height-weight-chart.com/l/503-150_Suzanne_L2.jpg
946,160,68,26.56,https://height-weight-chart.com/l/503-150_Elizabeth_L1.jpg
947,160,68,26.56,https://height-weight-chart.com/l/503-150_Elizabeth_L2.jpg
948,160,73,28.52,https://height-weight-chart.com/l/503-160_cheryl_L1.jpg
949,160,77,30.08,https://height-weight-chart.com/l/503-170_Holly_L1.jpg
950,160,82,32.03,https://height-weight-chart.com/l/502-180_agnes_L1.jpg
951,160,86,33.59,https://height-weight-chart.com/l/503-190_Miriam_L1.jpg
952,160,86,33.59,https://height-weight-chart.com/l/503-190_Natalie_L1.jpg
953,160,86,33.59,https://height-weight-chart.com/l/503-190_Catlin_L1.jpg
954,160,86,33.59,https://height-weight-chart.com/l/503-190_Lindsay_L1.jpg
955,160,91,35.55,https://height-weight-chart.com/l/503-200_Ashley_L1.jpg
956,160,91,35.55,https://height-weight-chart.com/l/503-200_Buddy_L1.jpg
957,160,91,35.55,https://height-weight-chart.com/l/503-200_Funto_L1.jpg
958,160,95,37.11,https://height-weight-chart.com/l/503-210_Brandiy_L1.jpg
959,160,95,37.11,https://height-weight-chart.com/l/503-210_Alice_L1.jpg
960,160,100,39.06,https://height-weight-chart.com/l/503-220_Tricia_L1.jpg
961,160,100,39.06,https://height-weight-chart.com/l/503-220_Tricia_L2.jpg
962,160,100,39.06,https://height-weight-chart.com/l/503-220_Tricia_L3.jpg
963,160,104,40.62,https://height-weight-chart.com/l/503-230_Eavonka_L1.jpg
964,160,109,42.58,https://height-weight-chart.com/l/503-240_Jennifer_L1.jpg
965,160,109,42.58,https://height-weight-chart.com/l/503-240_Debbie_L1.jpg
966,160,113,44.14,https://height-weight-chart.com/l/503-250_Lyons_L1.jpg
967,160,122,47.66,https://height-weight-chart.com/l/503-270_Natasha_L1.jpg
968,160,136,53.12,https://height-weight-chart.com/l/503-300_Jean_L1.jpg
969,160,168,65.62,https://height-weight-chart.com/l/503-370_Lynn_L1.jpg
970,157,41,16.63,https://height-weight-chart.com/l/502-90_Lindsey_L1.jpg
971,157,45,18.26,https://height-weight-chart.com/l/502-100_Elise_L1.jpg
972,157,45,18.26,https://height-weight-chart.com/l/502-100_Suzette_L1.jpg
973,157,50,20.28,https://height-weight-chart.com/l/502-110_Anna_L1.jpg
974,157,50,20.28,https://height-weight-chart.com/l/502-110_Anna_L2.jpg
975,157,50,20.28,https://height-weight-chart.com/l/502-110_Kat_L1.jpg
976,157,50,20.28,https://height-weight-chart.com/l/502-110_AnnaC_L1.jpg
977,157,50,20.28,https://height-weight-chart.com/l/502-110_AnnaC_L2.jpg
978,157,50,20.28,https://height-weight-chart.com/l/502-110_Hari_L1.jpg
979,157,50,20.28,https://height-weight-chart.com/l/502-110_Hari_L2.jpg
980,157,50,20.28,https://height-weight-chart.com/l/502-110_Cathy_L1.jpg
981,157,50,20.28,https://height-weight-chart.com/l/502-110_Cathy_L2.jpg
982,157,50,20.28,https://height-weight-chart.com/l/502-110_Angela_L1.jpg
983,157,50,20.28,https://height-weight-chart.com/l/502-110_Angela_L2.jpg
984,157,50,20.28,https://height-weight-chart.com/l/502-110_Jennifer_L1.jpg
985,157,50,20.28,https://height-weight-chart.com/l/502-110_Megan_L1.jpg
986,157,50,20.28,https://height-weight-chart.com/l/502-110_Megan_L2.jpg
987,157,50,20.28,https://height-weight-chart.com/l/502-110_Kelly_L1.jpg
988,157,50,20.28,https://height-weight-chart.com/l/502-110_Teresa_L1.jpg
989,157,50,20.28,https://height-weight-chart.com/l/502-110_Hannah_L1.jpg
990,157,50,20.28,https://height-weight-chart.com/l/502-110_Julie_L1.jpg
991,157,54,21.91,https://height-weight-chart.com/l/502-120_Heather_L1.jpg
992,157,54,21.91,https://height-weight-chart.com/l/501-120_kathy_L1.jpg
993,157,54,21.91,https://height-weight-chart.com/l/502-120_Valencia_L1.jpg
994,157,54,21.91,https://height-weight-chart.com/l/502-120_Valencia_L2.jpg
995,157,59,23.94,https://height-weight-chart.com/l/502-130_elisabeth_L1.jpg
996,157,59,23.94,https://height-weight-chart.com/l/502-130_elisabeth_L2.jpg
997,157,59,23.94,https://height-weight-chart.com/l/502-130_keri_L1.jpg
998,157,59,23.94,https://height-weight-chart.com/l/502-130_Keri2_L1.jpg
999,157,59,23.94,https://height-weight-chart.com/l/502-130_Chelsea_L1.jpg
1000,157,59,23.94,https://height-weight-chart.com/l/502-130_Tammy_L1.jpg
1001,157,59,23.94,https://height-weight-chart.com/l/502-130_Tammy_L2.jpg
1002,157,59,23.94,https://height-weight-chart.com/l/502-130_Valerie_L1.jpg
1003,157,59,23.94,https://height-weight-chart.com/l/502-130_Valerie_L2.jpg
1004,157,59,23.94,https://height-weight-chart.com/l/502-130_Valerie_L3.jpg
1005,157,59,23.94,https://height-weight-chart.com/l/502-130_Valerie_L4.jpg
1006,157,64,25.96,https://height-weight-chart.com/l/502-140_Jessica_L1.jpg
1007,157,68,27.59,https://height-weight-chart.com/l/502-150_Indiana_L1.jpg
1008,157,73,29.62,https://height-weight-chart.com/l/502-160_Kirin_L1.jpg
1009,157,77,31.24,https://height-weight-chart.com/l/502-170_Dak_L1.jpg
1010,157,77,31.24,https://height-weight-chart.com/l/502-170_Mariena_L1.jpg
1011,157,77,31.24,https://height-weight-chart.com/l/502-170_Mariena_L2.jpg
1012,157,77,31.24,https://height-weight-chart.com/l/502-170_Mariena_L3.jpg
1013,157,77,31.24,https://height-weight-chart.com/l/502-170_Sara_L1.jpg
1014,157,77,31.24,https://height-weight-chart.com/l/502-170_Ashley_L1.jpg
1015,157,77,31.24,https://height-weight-chart.com/l/502-170_Jenny_L1.jpg
1016,157,82,33.27,https://height-weight-chart.com/l/502-180_Eryn_L1.jpg
1017,157,82,33.27,https://height-weight-chart.com/l/502-180_Eryn_L2.jpg
1018,157,82,33.27,https://height-weight-chart.com/l/502-180_Emily_L1.jpg
1019,157,82,33.27,https://height-weight-chart.com/l/502-180_Jeanne_L1.jpg
1020,157,82,33.27,https://height-weight-chart.com/l/502-180_Rachel_L1.jpg
1021,157,82,33.27,https://height-weight-chart.com/l/502-180_Estella_L1.jpg
1022,157,86,34.89,https://height-weight-chart.com/l/502-190_Kate_L1.jpg
1023,157,91,36.92,https://height-weight-chart.com/l/502-200_Kelly_L1.jpg
1024,157,91,36.92,https://height-weight-chart.com/l/502-200_Kelly_L2.jpg
1025,157,91,36.92,https://height-weight-chart.com/l/502-200_carol_L1.jpg
1026,157,91,36.92,https://height-weight-chart.com/l/502-200_carol_L2.jpg
1027,157,95,38.54,https://height-weight-chart.com/l/502-210_Bleu_L1.jpg
1028,157,100,40.57,https://height-weight-chart.com/l/502-220_Noel_L1.jpg
1029,157,100,40.57,https://height-weight-chart.com/l/502-220_Noel_L2.jpg
1030,157,100,40.57,https://height-weight-chart.com/l/502-220_Noel_L3.jpg
1031,157,100,40.57,https://height-weight-chart.com/l/502-220_Katrina_L1.jpg
1032,157,100,40.57,https://height-weight-chart.com/l/502-220_MyGina_L1.jpg
1033,157,104,42.19,https://height-weight-chart.com/l/502-230_Penny_L1.jpg
1034,157,113,45.84,https://height-weight-chart.com/l/502-250_Jean_L1.jpg
1035,157,132,53.55,https://height-weight-chart.com/l/502-290_Jamie_L1.jpg
1036,157,150,60.85,https://height-weight-chart.com/l/502-330_Zena_L1.jpg
1037,155,41,17.07,https://height-weight-chart.com/l/501-90_Mariel_L1.jpg
1038,155,41,17.07,https://height-weight-chart.com/l/501-090_Atashi_L1.jpg
1039,155,41,17.07,https://height-weight-chart.com/l/501-090_Atashi_L2.jpg
1040,155,41,17.07,https://height-weight-chart.com/l/501-090_Atashi_L3.jpg
1041,155,41,17.07,https://height-weight-chart.com/l/501-090_Ruth_L1.jpg
1042,155,41,17.07,https://height-weight-chart.com/l/501-090_Eleanor_L1.jpg
1043,155,41,17.07,https://height-weight-chart.com/l/501-090_Eleanor_L2.jpg
1044,155,45,18.73,https://height-weight-chart.com/l/501-104_evelyn_L1.jpg
1045,155,45,18.73,https://height-weight-chart.com/l/501-100_Katy_L2.jpg
1046,155,45,18.73,https://height-weight-chart.com/l/501-105_Brenda_L1.jpg
1047,155,45,18.73,https://height-weight-chart.com/l/501-100_Maggie_L1.jpg
1048,155,45,18.73,https://height-weight-chart.com/l/501-100_Maggie_L2.jpg
1049,155,45,18.73,https://height-weight-chart.com/l/501-100_Maggie_L3.jpg
1050,155,50,20.81,https://height-weight-chart.com/l/501-110_Jessica_L1.jpg
1051,155,50,20.81,https://height-weight-chart.com/l/501-110_Jessica_L2.jpg
1052,155,50,20.81,https://height-weight-chart.com/l/501-110_Jessica_L3.jpg
1053,155,50,20.81,https://height-weight-chart.com/l/501-110_Jessica_L4.jpg
1054,155,50,20.81,https://height-weight-chart.com/l/501-110_anonymous_L1.jpg
1055,155,50,20.81,https://height-weight-chart.com/l/501-110_anonymous_L2.jpg
1056,155,50,20.81,https://height-weight-chart.com/l/501-110_NK_L1.jpg
1057,155,50,20.81,https://height-weight-chart.com/l/501-110_Yosh_L1.jpg
1058,155,50,20.81,https://height-weight-chart.com/l/501-110_Yosh_L2.jpg
1059,155,50,20.81,https://height-weight-chart.com/l/501-110_Katie_L1.jpg
1060,155,50,20.81,https://height-weight-chart.com/l/501-110_Katie_L2.jpg
1061,155,50,20.81,https://height-weight-chart.com/l/501-110_Katie_L3.jpg
1062,155,50,20.81,https://height-weight-chart.com/l/501-110_Katelyn_L1.jpg
1063,155,50,20.81,https://height-weight-chart.com/l/501-110_Katelyn_L2.jpg
1064,155,50,20.81,https://height-weight-chart.com/l/501-110_Rosemary_L1.jpg
1065,155,54,22.48,https://height-weight-chart.com/l/501-120_Koyasha_L1.jpg
1066,155,54,22.48,https://height-weight-chart.com/l/501-120_Purple_L1.jpg
1067,155,54,22.48,https://height-weight-chart.com/l/501-120_Purple_L2.jpg
1068,155,54,22.48,https://height-weight-chart.com/l/501-120_Jane_L1.jpg
1069,155,54,22.48,https://height-weight-chart.com/l/501-120_Samantha_L1.jpg
1070,155,54,22.48,https://height-weight-chart.com/l/501-120_Samantha_L2.jpg
1071,155,59,24.56,https://height-weight-chart.com/l/501-130_Premee_L1.jpg
1072,155,59,24.56,https://height-weight-chart.com/l/501-130_Faith_L1.jpg
1073,155,59,24.56,https://height-weight-chart.com/l/501-130_Faith_L2.jpg
1074,155,59,24.56,https://height-weight-chart.com/l/501-130_Faith_L3.jpg
1075,155,59,24.56,https://height-weight-chart.com/l/501-130_Faith_L4.jpg
1076,155,59,24.56,https://height-weight-chart.com/l/501-130_Stacey_L1.jpg
1077,155,64,26.64,https://height-weight-chart.com/l/501-140_Alysha_L1.jpg
1078,155,64,26.64,https://height-weight-chart.com/l/501-140_Renee_L1.jpg
1079,155,64,26.64,https://height-weight-chart.com/l/501-140_Hayne_L1.jpg
1080,155,64,26.64,https://height-weight-chart.com/l/501-140_Jeanette_L1.jpg
1081,155,64,26.64,https://height-weight-chart.com/l/501-140_Monica_L1.jpg
1082,155,64,26.64,https://height-weight-chart.com/l/501-140_Kam_L1.jpg
1083,155,68,28.3,https://height-weight-chart.com/l/501-150_Christina_L1.jpg
1084,155,68,28.3,https://height-weight-chart.com/l/501-150_Christina_L2.jpg
1085,155,68,28.3,https://height-weight-chart.com/l/501-150_Christina_L3.jpg
1086,155,68,28.3,https://height-weight-chart.com/l/501-150_Hebba_L1.jpg
1087,155,68,28.3,https://height-weight-chart.com/l/501-150_Hebba_L2.jpg
1088,155,68,28.3,https://height-weight-chart.com/l/501-150_N_L1.jpg
1089,155,68,28.3,https://height-weight-chart.com/l/501-150_N_L2.jpg
1090,155,73,30.39,https://height-weight-chart.com/l/501-160_Melissa_L1.jpg
1091,155,73,30.39,https://height-weight-chart.com/l/501-160_Melissa_L2.jpg
1092,155,73,30.39,https://height-weight-chart.com/l/501-160_Melissa_L3.jpg
1093,155,73,30.39,https://height-weight-chart.com/l/501-160_Melissa_L4.jpg
1094,155,73,30.39,https://height-weight-chart.com/l/501-160_Jodi_L1.jpg
1095,155,77,32.05,https://height-weight-chart.com/l/501-170_Vonnie_L1.jpg
1096,155,82,34.13,https://height-weight-chart.com/l/501-180_Jennifer_L1.jpg
1097,155,86,35.8,https://height-weight-chart.com/l/501-190_sheila_L1.jpg
1098,155,86,35.8,https://height-weight-chart.com/l/501-190_sheila_L2.jpg
1099,155,86,35.8,https://height-weight-chart.com/l/501-190_sheila_L3.jpg
1100,155,95,39.54,https://height-weight-chart.com/l/501-210_Kim_L1.jpg
1101,155,95,39.54,https://height-weight-chart.com/l/501-210_Kim_L2.jpg
1102,155,95,39.54,https://height-weight-chart.com/l/501-210_Kim_L3.jpg
1103,155,95,39.54,https://height-weight-chart.com/l/501-210_Twelve_L1.jpg
1104,155,100,41.62,https://height-weight-chart.com/l/501-220_Jessica_L1.jpg
1105,155,104,43.29,https://height-weight-chart.com/l/501-230_Laurie_L1.jpg
1106,155,104,43.29,https://height-weight-chart.com/l/501-230_Laurie_L2.jpg
1107,155,104,43.29,https://height-weight-chart.com/l/501-230_Stephanie_L1.jpg
1108,152,41,17.75,https://height-weight-chart.com/l/500-090_Amy_L1.jpg
1109,152,41,17.75,https://height-weight-chart.com/l/500-090_Amy_L2.jpg
1110,152,41,17.75,https://height-weight-chart.com/l/500-090_Amy_L3.jpg
1111,152,41,17.75,https://height-weight-chart.com/l/500-090_Amy_L4.jpg
1112,152,41,17.75,https://height-weight-chart.com/l/500-090_Kathlene_L1.jpg
1113,152,45,19.48,https://height-weight-chart.com/l/500-100_Briana_L1.jpg
1114,152,45,19.48,https://height-weight-chart.com/l/500-100_Briana_L2.jpg
1115,152,45,19.48,https://height-weight-chart.com/l/500-100_Kim_L1.jpg
1116,152,45,19.48,https://height-weight-chart.com/l/500-100_SBrayer_L1.jpg
1117,152,50,21.64,https://height-weight-chart.com/l/500-110_Amanda_L1.jpg
1118,152,50,21.64,https://height-weight-chart.com/l/500-110_Randi_L1.jpg
1119,152,54,23.37,https://height-weight-chart.com/l/500-120_Emily_L1.jpg
1120,152,54,23.37,https://height-weight-chart.com/l/500-120_Susan_L1.jpg
1121,152,54,23.37,https://height-weight-chart.com/l/500-120_Susan_L2.jpg
1122,152,54,23.37,https://height-weight-chart.com/l/500-120_Sarah_L1.jpg
1123,152,54,23.37,https://height-weight-chart.com/l/500-120_Cera_L1.jpg
1124,152,54,23.37,https://height-weight-chart.com/l/500-120_Cera_L2.jpg
1125,152,54,23.37,https://height-weight-chart.com/l/500-120_Cera_L3.jpg
1126,152,54,23.37,https://height-weight-chart.com/l/500-120_Stephanie_L1.jpg
1127,152,59,25.54,https://height-weight-chart.com/l/500-130_Alina_L1.jpg
1128,152,59,25.54,https://height-weight-chart.com/l/500-130_Lauren_L1.jpg
1129,152,59,25.54,https://height-weight-chart.com/l/500-130_Meredith_L1.jpg
1130,152,59,25.54,https://height-weight-chart.com/l/500-130_Drenna_L1.jpg
1131,152,59,25.54,https://height-weight-chart.com/l/500-130_Drenna_L2.jpg
1132,152,59,25.54,https://height-weight-chart.com/l/500-130_Stephanie_L1.jpg
1133,152,59,25.54,https://height-weight-chart.com/l/500-130_Stephanie_L2.jpg
1134,152,64,27.7,https://height-weight-chart.com/l/500-140_Alina_L1.jpg
1135,152,64,27.7,https://height-weight-chart.com/l/500-140_Alicia_L1.jpg
1136,152,64,27.7,https://height-weight-chart.com/l/500-140_Alicia_L2.jpg
1137,152,64,27.7,https://height-weight-chart.com/l/500-140_Meredith_L1.jpg
1138,152,64,27.7,https://height-weight-chart.com/l/500-140_Meredith_L2.jpg
1139,152,64,27.7,https://height-weight-chart.com/l/500-140_Debra_L1.jpg
1140,152,68,29.43,https://height-weight-chart.com/l/500-150_debra_L1.jpg
1141,152,68,29.43,https://height-weight-chart.com/l/500-150_Natalie_L1.jpg
1142,152,68,29.43,https://height-weight-chart.com/l/500-150_Natalie_L2.jpg
1143,152,68,29.43,https://height-weight-chart.com/l/500-150_Meredith_L1.jpg
1144,152,73,31.6,https://height-weight-chart.com/l/500-160_Alina_L1.jpg
1145,152,73,31.6,https://height-weight-chart.com/l/500-160_Jessica_L1.jpg
1146,152,73,31.6,https://height-weight-chart.com/l/500-160_Deborah_L1.jpg
1147,152,73,31.6,https://height-weight-chart.com/l/500-160_Charlie_L1.jpg
1148,152,77,33.33,https://height-weight-chart.com/l/500-170_Maree_L1.jpg
1149,152,82,35.49,https://height-weight-chart.com/l/500-180_Charlie_L1.jpg
1150,152,95,41.12,https://height-weight-chart.com/l/500-210_Dora_L1.jpg
1151,152,100,43.28,https://height-weight-chart.com/l/500-220_Natalie_L1.jpg
1152,152,100,43.28,https://height-weight-chart.com/l/500-220_Natalie_L2.jpg
1153,152,104,45.01,https://height-weight-chart.com/l/500-240_sarah_L1.jpg
1154,152,109,47.18,https://height-weight-chart.com/l/500-240_Ruth_L1.jpg
1155,152,109,47.18,https://height-weight-chart.com/l/500-240_Deborah_L1.jpg
1156,150,41,18.22,https://height-weight-chart.com/l/410-90_Katherine_L1.jpg
1157,150,41,18.22,https://height-weight-chart.com/l/410-90_Katherine_L2.jpg
1158,150,41,18.22,https://height-weight-chart.com/l/410-90_Katherine_L3.jpg
1159,150,45,20.0,https://height-weight-chart.com/l/411-100_Beth_L1.jpg
1160,150,45,20.0,https://height-weight-chart.com/l/411-100_Beth_L3.jpg
1161,150,45,20.0,https://height-weight-chart.com/l/411-100_Beth_L2.jpg
1162,150,45,20.0,https://height-weight-chart.com/l/411-100_Dena_L1.jpg
1163,150,50,22.22,https://height-weight-chart.com/l/411-110_Christina_L1.jpg
1164,150,54,24.0,https://height-weight-chart.com/l/411-120_saidy_L1.jpg
1165,150,54,24.0,https://height-weight-chart.com/l/411-120_saidy_L2.jpg
1166,150,54,24.0,https://height-weight-chart.com/l/411-120_saidy_L3.jpg
1167,150,59,26.22,https://height-weight-chart.com/l/411-130_Joanna_L1.jpg
1168,150,59,26.22,https://height-weight-chart.com/l/411-130_suzin_L1.jpg
1169,150,68,30.22,https://height-weight-chart.com/l/411-150_Elana_L1.jpg
1170,150,77,34.22,https://height-weight-chart.com/l/411-170_Cristen_L1.jpg
1171,150,86,38.22,https://height-weight-chart.com/l/411-190_Deb_L1.jpg
1172,150,95,42.22,https://height-weight-chart.com/l/411-210_candice_L1.jpg
1173,150,104,46.22,https://height-weight-chart.com/l/411-230_Shanta_L1.jpg
1174,150,104,46.22,https://height-weight-chart.com/l/411-230_Shanta_L2.jpg
1175,147,41,18.97,https://height-weight-chart.com/l/410-090_Del_L1.jpg
1176,147,41,18.97,https://height-weight-chart.com/l/410-090_Del_L2.jpg
1177,147,41,18.97,https://height-weight-chart.com/l/410-090_Meredith_L1.jpg
1178,147,41,18.97,https://height-weight-chart.com/l/410-090_Meredith_L2.jpg
1179,147,41,18.97,https://height-weight-chart.com/l/410-090_Shannon_L1.jpg
1180,147,41,18.97,https://height-weight-chart.com/l/410-090_Shannon_L2.jpg
1181,147,45,20.82,https://height-weight-chart.com/l/410-100_Cece_L1.jpg
1182,147,50,23.14,https://height-weight-chart.com/l/410-110_Kaye_L1.jpg
1183,147,54,24.99,https://height-weight-chart.com/l/410-120_Firie_L1.jpg
1184,147,73,33.78,https://height-weight-chart.com/l/410-160_Sarah_L1.jpg
1185,147,77,35.63,https://height-weight-chart.com/l/410-170_Tiffany_L1.jpg
1186,147,86,39.8,https://height-weight-chart.com/l/410-190_TFergusu_L1.jpg
1187,147,86,39.8,https://height-weight-chart.com/l/410-190_TFergusu_L2.jpg
1188,147,86,39.8,https://height-weight-chart.com/l/410-190_TFergusu_L3.jpg
